mz	H/C	O/C
111.986258	0.75	0.25
111.986258	0.75	0.25
113.965523	0.333333333	0.666666667
115.051301	2	0.5
120.993117	0.333333333	0.5
125.994514	0.333333333	1
128.010165	1	1
138.019667	0.833333333	0.5
141.103337	2	0.142857143
146.024752	0.625	0.25
146.028123	1.8	0.4
146.061137	1	0.111111111
147.045153	0.888888889	0.222222222
149.060803	1.111111111	0.222222222
151.040068	1	0.375
152.035317	1	0.428571429
153.092103	1.555555556	0.222222222
154.014581	0.833333333	0.666666667
159.102668	2	0.375
160.040402	0.777777778	0.222222222
160.999265	0.285714286	0.428571429
161.024418	0.666666667	0.333333333
161.035651	0.75	0.25
161.060803	1	0.2
163.040068	0.888888889	0.333333333
165.019332	0.75	0.5
165.034588	0.5	0.083333333
165.055718	1.111111111	0.333333333
165.092103	1.4	0.2
166.050967	1.125	0.375
166.087352	1.444444444	0.222222222
168.030231	1	0.571428571
169.014247	0.857142857	0.714285714
169.050632	1.25	0.5
170.975753	0.666666667	0.666666667
171.045153	0.727272727	0.181818182
171.066282	1.5	0.5
173.081932	1.75	0.5
174.056052	0.9	0.2
175.040068	0.8	0.3
175.051301	0.888888889	0.222222222
175.076453	1.090909091	0.181818182
176.035317	0.777777778	0.333333333
177.019332	0.666666667	0.444444444
177.033937	2	0.6
177.055718	1	0.3
177.092103	1.272727273	0.181818182
178.050967	1	0.333333333
179.034982	0.888888889	0.444444444
179.050238	0.615384615	0.076923077
179.071368	1.2	0.3
180.030231	0.875	0.5
180.066617	1.222222222	0.333333333
181.014247	0.75	0.625
181.050632	1.111111111	0.444444444
182.009496	0.714285714	0.714285714
183.004745	0.666666667	0.833333333
183.029897	1	0.625
183.066282	1.333333333	0.444444444
184.061531	1.375	0.5
185.035651	0.6	0.2
185.045547	1.25	0.625
185.060803	0.833333333	0.166666667
185.081932	1.555555556	0.444444444
186.056052	0.818181818	0.181818182
186.113567	1.888888889	0.333333333
187.014916	0.444444444	0.333333333
187.040068	0.727272727	0.272727273
187.061197	1.5	0.625
187.076453	1	0.166666667
187.097583	1.777777778	0.444444444
187.133968	2	0.3
188.035317	0.7	0.3
188.071702	1	0.181818182
189.019332	0.6	0.4
189.030566	0.666666667	0.333333333
189.055718	0.909090909	0.272727273
189.076847	1.75	0.625
189.092103	1.166666667	0.166666667
190.014581	0.555555556	0.444444444
190.050967	0.9	0.3
191.034982	0.8	0.4
191.071368	1.090909091	0.272727273
192.030231	0.777777778	0.444444444
192.066617	1.1	0.3
193.014247	0.666666667	0.555555556
193.050632	1	0.4
193.087018	1.272727273	0.272727273
194.045881	1	0.444444444
194.049253	2.166666667	0.666666667
194.082267	1.3	0.3
195.029897	0.888888889	0.555555556
195.04113	1	0.5
195.045153	0.615384615	0.153846154
195.051026	2	1.166666667
195.066282	1.2	0.4
195.139053	1.666666667	0.166666667
196.025146	0.875	0.625
196.040402	0.583333333	0.166666667
197.020395	0.857142857	0.714285714
197.024418	0.5	0.25
197.045547	1.111111111	0.555555556
197.060803	0.769230769	0.153846154
197.081932	1.4	0.4
197.986652	0.714285714	0.571428571
198.00441	0.714285714	0.857142857
198.040796	1.125	0.625
199.007053	1	0.5
199.024812	1	0.75
199.040068	0.666666667	0.25
199.061197	1.333333333	0.555555556
199.076453	0.923076923	0.153846154
199.097583	1.6	0.4
199.133968	1.818181818	0.272727273
200.071702	0.916666667	0.166666667
200.986318	0.857142857	0.714285714
201.055718	0.833333333	0.25
201.076847	1.555555556	0.555555556
201.113233	1.8	0.4
202.050967	0.818181818	0.272727273
202.072096	1.625	0.625
202.087352	1.083333333	0.166666667
203.034982	0.727272727	0.363636364
203.046216	0.8	0.3
203.071368	1	0.25
203.092497	1.777777778	0.555555556
204.030231	0.7	0.4
204.066617	1	0.272727273
204.103002	1.25	0.166666667
205.014247	0.6	0.5
205.02548	0.666666667	0.444444444
205.050632	0.909090909	0.363636364
205.087018	1.166666667	0.25
205.123403	1.384615385	0.153846154
206.009496	0.555555556	0.555555556
206.045881	0.9	0.4
206.993511	0.444444444	0.666666667
207.029897	0.8	0.5
207.066282	1.090909091	0.363636364
207.081539	0.8	0.066666667
207.139053	1.538461538	0.153846154
208.025146	0.777777778	0.555555556
208.061531	1.1	0.4
208.064903	2.142857143	0.571428571
208.097917	1.363636364	0.272727273
209.009161	0.666666667	0.666666667
209.045547	1	0.5
209.05678	1.111111111	0.444444444
209.060803	0.714285714	0.142857143
209.081932	1.272727273	0.363636364
209.154703	1.692307692	0.153846154
209.997886	0.714285714	0.428571429
210.040796	1	0.555555556
210.056052	0.692307692	0.153846154
210.077181	1.3	0.4
211.036045	1	0.625
211.040068	0.615384615	0.230769231
211.051301	0.666666667	0.166666667
211.061197	1.2	0.5
211.07243	1.333333333	0.444444444
211.076453	0.857142857	0.142857143
211.097583	1.454545455	0.363636364
211.133968	1.666666667	0.25
212.035317	0.583333333	0.25
212.071702	0.846153846	0.153846154
212.082936	0.916666667	0.083333333
213.030566	0.545454545	0.272727273
213.055718	0.769230769	0.230769231
213.066951	0.833333333	0.166666667
213.076847	1.4	0.5
213.113233	1.636363636	0.363636364
213.124466	1.8	0.3
213.149618	1.833333333	0.25
214.014581	0.454545455	0.363636364
214.050967	0.75	0.25
214.087352	1	0.153846154
214.101957	1.888888889	0.111111111
214.123738	1.214285714	0.071428571
214.144867	1.909090909	0.272727273
215.001968	1	0.625
215.034982	0.666666667	0.333333333
215.046216	0.727272727	0.272727273
215.056112	1.333333333	0.666666667
215.071368	0.923076923	0.230769231
215.092497	1.6	0.5
215.128883	1.818181818	0.363636364
215.165268	2	0.25
216.030231	0.636363636	0.363636364
216.066617	0.916666667	0.25
216.103002	1.153846154	0.153846154
217.014247	0.545454545	0.454545455
217.050632	0.833333333	0.333333333
217.061866	0.909090909	0.272727273
217.071762	1.555555556	0.666666667
217.087018	1.076923077	0.230769231
217.108147	1.8	0.5
218.045881	0.818181818	0.363636364
218.082267	1.083333333	0.25
218.103396	1.888888889	0.555555556
219.029897	0.727272727	0.454545455
219.04113	0.8	0.4
219.066282	1	0.333333333
219.087412	1.777777778	0.666666667
220.025146	0.7	0.5
220.061531	1	0.363636364
220.082661	1.875	0.75
220.097917	1.25	0.25
220.991403	0.6	0.4
221.009161	0.6	0.6
221.020395	0.666666667	0.555555556
221.045547	0.909090909	0.454545455
221.060803	0.666666667	0.133333333
221.081932	1.166666667	0.333333333
221.118318	1.384615385	0.230769231
221.154703	1.571428571	0.142857143
222.040796	0.9	0.5
222.056052	0.642857143	0.142857143
222.077181	1.181818182	0.363636364
222.113567	1.416666667	0.25
223.024812	0.8	0.6
223.040068	0.571428571	0.214285714
223.061197	1.090909091	0.454545455
223.07243	1.2	0.4
223.097583	1.333333333	0.333333333
223.108816	1.454545455	0.272727273
224.002302	0.777777778	0.444444444
224.02006	0.777777778	0.666666667
224.056446	1.1	0.5
224.071702	0.785714286	0.142857143
225.004076	0.666666667	0.777777778
225.040462	1	0.6
225.055718	0.714285714	0.214285714
225.076847	1.272727273	0.454545455
225.08808	1.4	0.4
225.092103	0.933333333	0.133333333
225.113233	1.5	0.333333333
225.149618	1.692307692	0.230769231
226.050967	0.692307692	0.230769231
226.072096	1.3	0.5
227.034982	0.615384615	0.307692308
227.056112	1.2	0.6
227.071368	0.857142857	0.214285714
227.074739	1.454545455	0.272727273
227.092497	1.454545455	0.454545455
227.103731	1.6	0.4
227.128883	1.666666667	0.333333333
227.165268	1.846153846	0.230769231
227.201654	2	0.142857143
228.030231	0.583333333	0.333333333
228.066617	0.846153846	0.230769231
228.160517	1.916666667	0.25
229.050632	0.769230769	0.307692308
229.071762	1.4	0.6
229.108147	1.636363636	0.454545455
229.144533	1.833333333	0.333333333
230.045881	0.75	0.333333333
230.082267	1	0.230769231
230.118652	1.214285714	0.142857143
231.029897	0.666666667	0.416666667
231.04113	0.727272727	0.363636364
231.066282	0.923076923	0.307692308
231.087412	1.6	0.6
231.102668	1.142857143	0.214285714
231.160183	2	0.333333333
232.025146	0.636363636	0.454545455
232.061531	0.916666667	0.333333333
232.097917	1.153846154	0.230769231
232.119046	1.9	0.5
232.134302	1.357142857	0.142857143
232.991403	0.545454545	0.363636364
233.009161	0.545454545	0.545454545
233.045547	0.833333333	0.416666667
233.081932	1.076923077	0.307692308
233.118318	1.285714286	0.214285714
233.154703	1.466666667	0.133333333
234.040796	0.818181818	0.454545455
234.077181	1.083333333	0.333333333
234.113567	1.307692308	0.230769231
235.007053	0.727272727	0.363636364
235.024812	0.727272727	0.545454545
235.061197	1	0.416666667
235.064568	1.777777778	0.555555556
235.097583	1.230769231	0.307692308
235.108816	1.333333333	0.25
235.133968	1.428571429	0.214285714
236.02006	0.7	0.6
236.035317	0.5	0.214285714
236.056446	1	0.454545455
236.092832	1.25	0.333333333
236.129217	1.461538462	0.230769231
237.004076	0.6	0.7
237.040462	0.909090909	0.545454545
237.055718	0.666666667	0.2
237.076847	1.166666667	0.416666667
237.113233	1.384615385	0.307692308
237.124466	1.5	0.25
237.149618	1.571428571	0.214285714
238.017952	0.9	0.4
238.035711	0.9	0.6
238.050967	0.642857143	0.214285714
238.072096	1.181818182	0.454545455
239.019726	0.8	0.7
239.034982	0.571428571	0.285714286
239.056112	1.090909091	0.545454545
239.067345	1.2	0.5
239.071368	0.8	0.2
239.092497	1.333333333	0.416666667
239.128883	1.538461538	0.307692308
239.140116	1.666666667	0.25
239.165268	1.714285714	0.214285714
240.030231	0.538461538	0.307692308
240.066617	0.785714286	0.214285714
241.014247	0.461538462	0.384615385
241.050632	0.714285714	0.285714286
241.071762	1.272727273	0.545454545
241.087018	0.933333333	0.2
241.108147	1.5	0.416666667
241.119381	1.636363636	0.363636364
241.144533	1.692307692	0.307692308
241.180918	1.857142857	0.214285714
241.217304	2	0.133333333
241.976482	0.625	0.75
242.045881	0.692307692	0.307692308
242.082267	0.928571429	0.214285714
242.155038	1.3125	0.0625
242.176167	1.923076923	0.230769231
243.029897	0.615384615	0.384615385
243.066282	0.857142857	0.285714286
243.069654	1.454545455	0.363636364
243.077516	0.923076923	0.230769231
243.087412	1.454545455	0.545454545
243.123797	1.666666667	0.416666667
243.160183	1.846153846	0.307692308
243.196568	2	0.214285714
244.061531	0.846153846	0.307692308
244.082661	1.5	0.6
244.097917	1.071428571	0.214285714
244.119046	1.727272727	0.454545455
244.134302	1.266666667	0.133333333
245.045547	0.769230769	0.384615385
245.048918	1.4	0.5
245.05678	0.833333333	0.333333333
245.081932	1	0.285714286
245.093166	1.076923077	0.230769231
245.103062	1.636363636	0.545454545
245.118318	1.2	0.2
245.139447	1.833333333	0.416666667
246.040796	0.75	0.416666667
246.077181	1	0.307692308
246.113567	1.214285714	0.214285714
247.024812	0.666666667	0.5
247.036045	0.727272727	0.454545455
247.061197	0.923076923	0.384615385
247.07243	1	0.333333333
247.097583	1.142857143	0.285714286
247.108816	1.230769231	0.230769231
247.118712	1.818181818	0.545454545
247.133968	1.333333333	0.2
247.170354	1.5	0.125
248.02006	0.636363636	0.545454545
248.056446	0.916666667	0.416666667
248.092832	1.153846154	0.307692308
248.129217	1.357142857	0.214285714
249.040462	0.833333333	0.5
249.076847	1.076923077	0.384615385
249.08808	1.166666667	0.333333333
249.113233	1.285714286	0.285714286
249.149618	1.466666667	0.2
249.186004	1.625	0.125
250.035711	0.818181818	0.545454545
250.050967	0.6	0.2
250.072096	1.083333333	0.416666667
250.108482	1.307692308	0.307692308
250.144867	1.5	0.214285714
251.019726	0.727272727	0.636363636
251.034982	0.533333333	0.266666667
251.056112	1	0.5
251.071368	0.75	0.1875
251.092497	1.230769231	0.384615385
251.095868	2	0.5
251.128883	1.428571429	0.285714286
251.165268	1.6	0.2
252.066617	0.733333333	0.2
252.124132	1.461538462	0.307692308
253.035376	0.909090909	0.636363636
253.050632	0.666666667	0.266666667
253.06926	0.875	0.0625
253.071762	1.166666667	0.5
253.082995	1.272727273	0.454545455
253.087018	0.875	0.1875
253.108147	1.384615385	0.384615385
253.144533	1.571428571	0.285714286
253.217304	1.875	0.125
254.045881	0.642857143	0.285714286
254.103396	1.416666667	0.416666667
255.014641	0.8	0.8
255.029897	0.571428571	0.357142857
255.06226	1.2	0.6
255.066282	0.8	0.266666667
255.087412	1.333333333	0.5
255.123797	1.538461538	0.384615385
255.139053	1.176470588	0.117647059
255.160183	1.714285714	0.285714286
255.232954	2	0.125
256.025146	0.538461538	0.384615385
256.061531	0.785714286	0.285714286
256.191817	1.928571429	0.214285714
257.045547	0.714285714	0.357142857
257.05678	0.769230769	0.307692308
257.066676	1.272727273	0.636363636
257.07791	1.4	0.6
257.081932	0.933333333	0.266666667
257.103062	1.5	0.5
257.139447	1.692307692	0.384615385
257.154703	1.294117647	0.117647059
257.175833	1.857142857	0.285714286
257.212218	2	0.2
258.040796	0.692307692	0.384615385
258.077181	0.928571429	0.285714286
259.024812	0.615384615	0.461538462
259.061197	0.857142857	0.357142857
259.07243	0.923076923	0.307692308
259.097583	1.066666667	0.266666667
259.118712	1.666666667	0.5
259.191483	2	0.285714286
260.056446	0.846153846	0.384615385
260.092832	1.071428571	0.285714286
260.104065	1.153846154	0.230769231
261.040462	0.769230769	0.461538462
261.076847	1	0.357142857
261.113233	1.2	0.266666667
261.124466	1.285714286	0.214285714
261.134362	1.833333333	0.5
262.035711	0.75	0.5
262.072096	1	0.384615385
262.087352	0.764705882	0.117647059
262.144867	1.4	0.2
263.019726	0.666666667	0.583333333
263.034982	0.5	0.25
263.056112	0.923076923	0.461538462
263.092497	1.142857143	0.357142857
263.103731	1.230769231	0.307692308
263.128883	1.333333333	0.266666667
263.165268	1.5	0.1875
263.972065	0.333333333	0.555555556
264.030231	0.466666667	0.266666667
264.051361	0.916666667	0.5
264.066617	0.6875	0.1875
264.087746	1.153846154	0.384615385
264.124132	1.357142857	0.285714286
265.014247	0.4	0.333333333
265.035376	0.833333333	0.583333333
265.050632	0.625	0.25
265.071762	1.076923077	0.461538462
265.108147	1.285714286	0.357142857
265.144533	1.466666667	0.266666667
265.147904	2.166666667	0.333333333
266.045881	0.6	0.266666667
266.139782	1.5	0.285714286
267.014641	0.727272727	0.727272727
267.029897	0.533333333	0.333333333
267.051026	1	0.583333333
267.066282	0.75	0.25
267.087412	1.230769231	0.461538462
267.098645	1.333333333	0.416666667
267.102668	0.941176471	0.176470588
267.123797	1.428571429	0.357142857
267.160183	1.6	0.266666667
267.196568	1.75	0.1875
267.999994	0.25	0.416666667
268.061531	0.733333333	0.266666667
269.045547	0.666666667	0.333333333
269.05678	0.714285714	0.285714286
269.081932	0.875	0.25
269.103062	1.384615385	0.461538462
269.118318	1.058823529	0.176470588
269.139447	1.571428571	0.357142857
269.175833	1.733333333	0.266666667
269.212218	1.875	0.1875
269.248604	2	0.117647059
270.040796	0.642857143	0.357142857
270.077181	0.866666667	0.266666667
270.207467	1.933333333	0.2
271.024812	0.571428571	0.428571429
271.061197	0.8	0.333333333
271.064568	1.333333333	0.416666667
271.082326	1.333333333	0.583333333
271.097583	1	0.25
271.118712	1.538461538	0.461538462
271.133968	1.176470588	0.176470588
271.155097	1.714285714	0.357142857
271.227868	2	0.1875
272.056446	0.785714286	0.357142857
272.092832	1	0.266666667
273.040462	0.714285714	0.428571429
273.076847	0.933333333	0.333333333
273.134362	1.692307692	0.461538462
274.035711	0.692307692	0.461538462
274.072096	0.928571429	0.357142857
275.056112	0.857142857	0.428571429
275.092497	1.066666667	0.333333333
275.103731	1.142857143	0.285714286
275.165268	1.411764706	0.176470588
275.168639	2	0.214285714
276.07249	1.5	0.8
276.087746	1.071428571	0.357142857
276.124132	1.266666667	0.266666667
277.035376	0.769230769	0.538461538
277.050632	0.588235294	0.235294118
277.071762	1	0.428571429
277.082995	1.076923077	0.384615385
277.087018	0.777777778	0.166666667
277.108147	1.2	0.333333333
277.144533	1.375	0.25
277.180918	1.529411765	0.176470588
278.067011	1	0.461538462
278.103396	1.214285714	0.357142857
279.014641	0.666666667	0.666666667
279.051026	0.923076923	0.538461538
279.066282	0.705882353	0.235294118
279.08491	0.888888889	0.055555556
279.087412	1.142857143	0.428571429
279.123797	1.333333333	0.333333333
279.160183	1.5	0.25
280.061531	0.6875	0.25
280.082661	1.153846154	0.461538462
280.119046	1.357142857	0.357142857
280.176561	2.25	0.5
281.045547	0.625	0.3125
281.05678	0.666666667	0.266666667
281.066676	1.076923077	0.538461538
281.081932	0.823529412	0.235294118
281.103062	1.285714286	0.428571429
281.139447	1.466666667	0.333333333
281.175833	1.625	0.25
281.248604	1.888888889	0.111111111
282.040796	0.6	0.333333333
282.077181	0.8125	0.25
282.098311	1.307692308	0.461538462
283.02416	1.714285714	1.142857143
283.024812	0.533333333	0.4
283.061197	0.75	0.3125
283.07243	0.8	0.266666667
283.082326	1.230769231	0.538461538
283.097583	0.941176471	0.235294118
283.118712	1.428571429	0.428571429
283.133968	1.111111111	0.166666667
283.145201	1.176470588	0.117647059
283.155097	1.6	0.333333333
283.191483	1.75	0.25
283.227868	1.882352941	0.176470588
283.264254	2	0.111111111
284.02006	0.5	0.428571429
284.056446	0.733333333	0.333333333
284.092832	0.9375	0.25
284.129217	1.117647059	0.176470588
284.223117	1.9375	0.1875
285.040462	0.666666667	0.4
285.043833	1.166666667	0.5
285.076847	0.875	0.3125
285.097976	1.384615385	0.538461538
285.113233	1.058823529	0.235294118
285.134362	1.571428571	0.428571429
285.149618	1.222222222	0.166666667
285.170747	1.733333333	0.333333333
285.207133	1.875	0.25
285.243519	2	0.176470588
286.035711	0.642857143	0.428571429
286.072096	0.866666667	0.333333333
287.019726	0.571428571	0.5
287.05546	2.285714286	1.142857143
287.056112	0.8	0.4
287.092497	1	0.3125
287.113627	1.538461538	0.538461538
287.12486	1.666666667	0.5
287.128883	1.176470588	0.235294118
287.150012	1.714285714	0.428571429
287.222783	2	0.25
287.981961	0.777777778	0.888888889
288.051361	0.785714286	0.428571429
288.087746	1	0.333333333
288.124132	1.1875	0.25
289.035376	0.714285714	0.5
289.050632	0.555555556	0.222222222
289.071762	0.933333333	0.4
289.082995	1	0.357142857
289.108147	1.125	0.3125
289.129277	1.692307692	0.538461538
289.144533	1.294117647	0.235294118
289.976482	0.416666667	0.5
290.030625	0.692307692	0.538461538
290.067011	0.928571429	0.428571429
290.103396	1.133333333	0.333333333
290.124526	1.75	0.583333333
290.139782	1.3125	0.25
290.176167	1.470588235	0.176470588
291.004745	0.266666667	0.333333333
291.029897	0.470588235	0.294117647
291.051026	0.857142857	0.5
291.066282	0.666666667	0.222222222
291.087412	1.066666667	0.4
291.098645	1.142857143	0.357142857
291.123797	1.25	0.3125
291.160183	1.411764706	0.235294118
291.171416	1.5	0.1875
292.061531	0.647058824	0.235294118
292.082661	1.071428571	0.428571429
292.119046	1.266666667	0.333333333
292.155432	1.4375	0.25
292.212947	2.214285714	0.357142857
293.030291	0.769230769	0.615384615
293.045547	0.588235294	0.294117647
293.066676	1	0.5
293.081932	0.777777778	0.222222222
293.103062	1.2	0.4
293.139447	1.375	0.3125
293.175833	1.529411765	0.235294118
293.196962	2.142857143	0.428571429
293.212218	1.666666667	0.166666667
294.040796	0.5625	0.3125
294.077181	0.764705882	0.235294118
294.080553	1.214285714	0.285714286
294.098311	1.214285714	0.428571429
294.134696	1.4	0.333333333
294.171082	1.5625	0.25
295.009555	0.666666667	0.75
295.024812	0.5	0.375
295.045941	0.923076923	0.615384615
295.061197	0.705882353	0.294117647
295.07243	0.75	0.25
295.082326	1.142857143	0.5
295.085698	1.818181818	0.636363636
295.097583	0.888888889	0.222222222
295.118712	1.333333333	0.4
295.133968	1.052631579	0.157894737
295.155097	1.5	0.3125
295.170354	1.2	0.1
295.191483	1.647058824	0.235294118
295.227868	1.777777778	0.166666667
296.056446	0.6875	0.3125
296.077575	1.153846154	0.538461538
296.092832	0.882352941	0.235294118
296.096203	1.357142857	0.285714286
296.150346	1.533333333	0.333333333
297.040462	0.625	0.375
297.051695	0.666666667	0.333333333
297.076847	0.823529412	0.294117647
297.08272	1.8	1
297.08808	0.875	0.25
297.097976	1.285714286	0.5
297.10921	1.384615385	0.461538462
297.113233	1	0.222222222
297.134362	1.466666667	0.4
297.149618	1.157894737	0.157894737
297.152989	1.625	0.1875
297.170747	1.625	0.3125
297.207133	1.764705882	0.235294118
297.243519	1.888888889	0.166666667
298.035711	0.6	0.4
298.072096	0.8125	0.3125
298.093225	1.307692308	0.538461538
298.108482	1	0.235294118
298.129611	1.5	0.428571429
298.144867	1.166666667	0.166666667
299.019726	0.533333333	0.466666667
299.056112	0.75	0.375
299.067345	0.8	0.333333333
299.077241	1.230769231	0.615384615
299.092497	0.941176471	0.294117647
299.095868	1.428571429	0.357142857
299.103731	1	0.25
299.113627	1.428571429	0.5
299.116998	2.181818182	0.636363636
299.12486	1.538461538	0.461538462
299.128883	1.111111111	0.222222222
299.150012	1.6	0.4
299.165268	1.263157895	0.157894737
299.186398	1.75	0.3125
299.201654	1.4	0.1
299.222783	1.882352941	0.235294118
299.259169	2	0.166666667
300.014975	0.5	0.5
300.051361	0.733333333	0.4
300.087746	0.9375	0.3125
300.124132	1.117647059	0.235294118
300.218032	1.9375	0.25
300.994968	0.666666667	1.111111111
301.035376	0.666666667	0.466666667
301.04661	0.714285714	0.428571429
301.071762	0.875	0.375
301.082995	0.933333333	0.333333333
301.092891	1.384615385	0.615384615
301.104124	1.5	0.583333333
301.108147	1.058823529	0.294117647
301.111519	1.571428571	0.357142857
301.11402	2.2	1
301.129277	1.571428571	0.5
301.144533	1.222222222	0.222222222
301.165662	1.733333333	0.4
301.180918	1.368421053	0.157894737
301.192152	1.444444444	0.111111111
301.202048	1.875	0.3125
301.238433	2	0.235294118
302.030625	0.642857143	0.5
302.067011	0.866666667	0.4
302.103396	1.0625	0.3125
302.124526	1.615384615	0.538461538
302.139782	1.235294118	0.235294118
302.233682	2.0625	0.25
303.014641	0.571428571	0.571428571
303.051026	0.8	0.466666667
303.066282	0.631578947	0.210526316
303.087412	1	0.375
303.098645	1.066666667	0.333333333
303.108541	1.538461538	0.615384615
303.123797	1.176470588	0.294117647
303.127169	1.714285714	0.357142857
303.135031	1.25	0.25
303.144927	1.714285714	0.5
303.160183	1.333333333	0.222222222
303.171416	1.411764706	0.176470588
303.19994	2	0.1875
303.217698	2	0.3125
304.028517	0.785714286	0.357142857
304.046275	0.785714286	0.5
304.061531	0.611111111	0.222222222
304.082661	1	0.4
304.119046	1.1875	0.3125
304.13028	1.266666667	0.266666667
304.155432	1.352941176	0.235294118
305.030291	0.714285714	0.571428571
305.045547	0.555555556	0.277777778
305.066676	0.933333333	0.466666667
305.081932	0.736842105	0.210526316
305.103062	1.125	0.375
305.118318	0.9	0.15
305.124191	1.692307692	0.615384615
305.139447	1.294117647	0.294117647
305.175833	1.444444444	0.222222222
305.187066	1.529411765	0.176470588
305.21559	2.125	0.1875
306.02554	0.692307692	0.615384615
306.040796	0.529411765	0.294117647
306.061925	0.928571429	0.5
306.077181	0.722222222	0.222222222
306.098311	1.133333333	0.4
306.134696	1.3125	0.3125
306.192211	2.071428571	0.428571429
307.007053	0.470588235	0.235294118
307.024812	0.470588235	0.352941176
307.045941	0.857142857	0.571428571
307.061197	0.666666667	0.277777778
307.07243	0.705882353	0.235294118
307.082326	1.066666667	0.466666667
307.097583	0.842105263	0.210526316
307.118712	1.25	0.375
307.129945	1.333333333	0.333333333
307.133968	1	0.15
307.155097	1.411764706	0.294117647
307.158469	2	0.357142857
307.166331	1.5	0.25
307.191483	1.555555556	0.222222222
308.04119	0.846153846	0.615384615
308.056446	0.647058824	0.294117647
308.077575	1.071428571	0.5
308.092832	0.833333333	0.222222222
308.113961	1.266666667	0.4
308.129217	1	0.157894737
308.150346	1.4375	0.3125
308.207861	2.214285714	0.428571429
309.025205	0.769230769	0.692307692
309.03981	1.555555556	0.888888889
309.040462	0.588235294	0.352941176
309.051695	0.625	0.3125
309.061591	1	0.571428571
309.076847	0.777777778	0.277777778
309.08808	0.823529412	0.235294118
309.097976	1.2	0.466666667
309.101348	1.833333333	0.583333333
309.10921	1.285714286	0.428571429
309.113233	0.947368421	0.210526316
309.134362	1.375	0.375
309.149618	1.1	0.15
309.152989	1.529411765	0.176470588
309.170747	1.529411765	0.294117647
309.174119	2.142857143	0.357142857
309.207133	1.666666667	0.222222222
309.966311	0.454545455	0.727272727
310.035711	0.5625	0.375
310.05684	1	0.615384615
310.072096	0.764705882	0.294117647
310.093225	1.214285714	0.5
310.108482	0.944444444	0.222222222
310.129611	1.4	0.4
310.165996	1.5625	0.3125
311.019726	0.5	0.4375
311.056112	0.705882353	0.352941176
311.067345	0.75	0.3125
311.074739	0.888888889	0.166666667
311.077241	1.142857143	0.571428571
311.092497	0.888888889	0.277777778
311.113627	1.333333333	0.466666667
311.128883	1.052631579	0.210526316
311.150012	1.5	0.375
311.165268	1.2	0.15
311.168639	1.647058824	0.176470588
311.186398	1.647058824	0.294117647
311.201654	1.333333333	0.095238095
311.222783	1.777777778	0.222222222
311.259169	1.894736842	0.157894737
311.295554	2	0.1
311.963333	0.3	1.1
312.051361	0.6875	0.375
312.087746	0.882352941	0.294117647
312.124132	1.055555556	0.222222222
312.145261	1.533333333	0.4
312.254418	1.944444444	0.166666667
312.998991	0.4	0.533333333
313.035376	0.625	0.4375
313.04661	0.666666667	0.4
313.054004	0.823529412	0.235294118
313.071762	0.823529412	0.352941176
313.082995	0.875	0.3125
313.092891	1.285714286	0.571428571
313.096262	2	0.727272727
313.104124	1.384615385	0.538461538
313.108147	1	0.277777778
313.111519	1.466666667	0.333333333
313.129277	1.466666667	0.466666667
313.14051	1.571428571	0.428571429
313.144533	1.157894737	0.210526316
313.165662	1.625	0.375
313.180918	1.3	0.15
313.202048	1.764705882	0.294117647
313.238433	1.888888889	0.222222222
313.274819	2	0.157894737
314.030625	0.6	0.466666667
314.067011	0.8125	0.375
314.099373	1.416666667	0.583333333
314.103396	1	0.294117647
314.139782	1.166666667	0.222222222
314.160911	1.666666667	0.4
314.996883	0.533333333	0.4
315.014641	0.533333333	0.533333333
315.051026	0.75	0.4375
315.054398	1.230769231	0.538461538
315.06226	0.8	0.4
315.072156	1.230769231	0.692307692
315.087412	0.941176471	0.352941176
315.093285	2	1.1
315.098645	1	0.3125
315.108541	1.428571429	0.571428571
315.119775	1.538461538	0.538461538
315.123797	1.111111111	0.277777778
315.135031	1.176470588	0.235294118
315.144927	1.6	0.466666667
315.160183	1.263157895	0.210526316
315.171416	1.333333333	0.166666667
315.181312	1.75	0.375
315.217698	1.882352941	0.294117647
315.254083	2	0.222222222
316.013261	1	0.727272727
316.046275	0.733333333	0.466666667
316.082661	0.9375	0.375
316.101288	1.117647059	0.176470588
316.119046	1.117647059	0.294117647
316.140176	1.642857143	0.5
316.155432	1.277777778	0.222222222
316.191817	1.421052632	0.157894737
316.212947	1.9375	0.3125
317.030291	0.666666667	0.533333333
317.041524	0.714285714	0.5
317.045547	0.526315789	0.263157895
317.066676	0.875	0.4375
317.081932	0.7	0.2
317.103062	1.058823529	0.352941176
317.114295	1.125	0.3125
317.124191	1.571428571	0.571428571
317.139447	1.222222222	0.277777778
317.142819	1.733333333	0.333333333
317.160577	1.733333333	0.466666667
317.175833	1.368421053	0.210526316
317.187066	1.444444444	0.166666667
318.040796	0.5	0.277777778
318.061925	0.866666667	0.466666667
318.077181	0.684210526	0.210526316
318.098311	1.0625	0.375
318.134696	1.235294118	0.294117647
318.171082	1.388888889	0.222222222
318.228597	2.0625	0.3125
319.009555	0.571428571	0.642857143
319.045941	0.8	0.533333333
319.057174	0.857142857	0.5
319.061197	0.631578947	0.263157895
319.07243	0.666666667	0.222222222
319.082326	1	0.4375
319.09356	1.066666667	0.4
319.097583	0.8	0.2
319.118712	1.176470588	0.352941176
319.122083	1.714285714	0.428571429
319.129945	1.25	0.3125
319.139841	1.714285714	0.571428571
319.155097	1.333333333	0.277777778
319.166331	1.411764706	0.235294118
319.18746	2	0.428571429
320.04119	0.785714286	0.571428571
320.056446	0.611111111	0.277777778
320.077575	1	0.466666667
320.092832	0.789473684	0.210526316
320.113961	1.1875	0.375
320.129217	0.95	0.15
320.150346	1.352941176	0.294117647
320.165603	1.095238095	0.095238095
320.190103	2.066666667	0.266666667
320.244247	2.1875	0.3125
321.022704	0.555555556	0.222222222
321.025205	0.714285714	0.642857143
321.040462	0.555555556	0.333333333
321.051695	0.588235294	0.294117647
321.061591	0.933333333	0.533333333
321.076847	0.736842105	0.263157895
321.097976	1.125	0.4375
321.10921	1.2	0.4
321.113233	0.9	0.2
321.124466	0.947368421	0.157894737
321.134362	1.294117647	0.352941176
321.149618	1.047619048	0.142857143
321.170747	1.444444444	0.277777778
321.174119	2	0.333333333
321.181981	1.529411765	0.235294118
321.207133	1.578947368	0.210526316
321.210504	2.125	0.25
322.017952	0.529411765	0.235294118
322.035711	0.529411765	0.352941176
322.072096	0.722222222	0.277777778
322.093225	1.133333333	0.466666667
322.108482	0.894736842	0.210526316
322.129611	1.3125	0.375
322.165996	1.470588235	0.294117647
322.187126	2.071428571	0.5
322.223511	2.2	0.4
322.983341	0.25	0.5
323.019726	0.470588235	0.411764706
323.040856	0.857142857	0.642857143
323.056112	0.666666667	0.333333333
323.067345	0.705882353	0.294117647
323.077241	1.066666667	0.533333333
323.088474	1.142857143	0.5
323.092497	0.842105263	0.263157895
323.113627	1.25	0.4375
323.12486	1.333333333	0.4
323.128883	1	0.2
323.150012	1.411764706	0.352941176
323.161245	1.5	0.3125
323.186398	1.555555556	0.277777778
323.21876	2.285714286	0.428571429
323.222783	1.684210526	0.210526316
323.259169	1.8	0.15
323.974567	0.3	1
323.981961	0.583333333	0.666666667
324.051361	0.647058824	0.352941176
324.069988	0.833333333	0.166666667
324.07249	1.071428571	0.571428571
324.087746	0.833333333	0.277777778
324.108876	1.266666667	0.466666667
324.145261	1.4375	0.375
324.202776	2.214285714	0.5
325.035376	0.588235294	0.411764706
325.04661	0.625	0.375
325.059877	1.636363636	0.818181818
325.071762	0.777777778	0.333333333
325.082995	0.823529412	0.294117647
325.090389	0.947368421	0.157894737
325.092891	1.2	0.533333333
325.104124	1.285714286	0.5
325.108147	0.947368421	0.263157895
325.129277	1.375	0.4375
325.144533	1.1	0.2
325.147904	1.529411765	0.235294118
325.165662	1.529411765	0.352941176
325.176895	1.625	0.3125
325.18429	1.666666667	0.166666667
325.202048	1.666666667	0.277777778
325.238433	1.789473684	0.210526316
325.274819	1.9	0.15
325.976482	0.333333333	0.4
325.978984	0.454545455	1
326.030625	0.5625	0.4375
326.067011	0.764705882	0.352941176
326.08814	1.214285714	0.571428571
326.091511	1.909090909	0.727272727
326.103396	0.944444444	0.277777778
326.139782	1.105263158	0.210526316
326.176167	1.25	0.15
326.989489	0.285714286	0.571428571
327.014641	0.5	0.5
327.051026	0.705882353	0.411764706
327.06226	0.75	0.375
327.069654	0.888888889	0.222222222
327.087412	0.888888889	0.333333333
327.108541	1.333333333	0.533333333
327.123797	1.052631579	0.263157895
327.135031	1.111111111	0.222222222
327.144927	1.5	0.4375
327.148298	2.153846154	0.538461538
327.160183	1.2	0.2
327.163554	1.647058824	0.235294118
327.181312	1.647058824	0.352941176
327.217698	1.777777778	0.277777778
327.254083	1.894736842	0.210526316
327.290469	2	0.15
328.046275	0.6875	0.4375
328.082661	0.882352941	0.352941176
328.119046	1.055555556	0.277777778
328.140176	1.533333333	0.466666667
328.151409	1.642857143	0.428571429
328.155432	1.210526316	0.210526316
328.191817	1.35	0.15
328.212947	1.823529412	0.294117647
328.249332	1.944444444	0.222222222
328.993905	0.4	0.6
329.012533	0.625	0.375
329.030291	0.625	0.5
329.066676	0.823529412	0.411764706
329.07791	0.875	0.375
329.085304	1	0.222222222
329.087806	1.285714286	0.642857143
329.103062	1	0.333333333
329.124191	1.466666667	0.533333333
329.135425	1.571428571	0.5
329.139447	1.157894737	0.263157895
329.142819	1.625	0.3125
329.145321	2.166666667	0.833333333
329.175833	1.3	0.2
329.196962	1.764705882	0.352941176
329.233348	1.888888889	0.277777778
329.269733	2	0.210526316
330.061925	0.8125	0.4375
330.098311	1	0.352941176
330.134696	1.166666667	0.277777778
330.155826	1.666666667	0.466666667
330.182315	1.388888889	0.166666667
330.189709	1.45	0.05
330.264982	2.055555556	0.222222222
330.991797	0.533333333	0.466666667
331.045941	0.75	0.5
331.057174	0.8	0.466666667
331.061197	0.6	0.25
331.082326	0.941176471	0.411764706
331.114689	1.538461538	0.615384615
331.118712	1.111111111	0.333333333
331.122083	1.6	0.4
331.133968	0.909090909	0.136363636
331.139841	1.6	0.533333333
331.166331	1.333333333	0.222222222
331.176227	1.75	0.4375
331.191483	1.4	0.2
331.248998	2	0.277777778
332.04119	0.733333333	0.533333333
332.056446	0.578947368	0.263157895
332.077575	0.9375	0.4375
332.096203	1.117647059	0.235294118
332.113961	1.117647059	0.352941176
332.13509	1.642857143	0.571428571
332.165603	1.045454545	0.090909091
332.207861	1.9375	0.375
333.040462	0.526315789	0.315789474
333.051695	0.555555556	0.277777778
333.061591	0.875	0.5
333.076847	0.7	0.25
333.097976	1.058823529	0.411764706
333.134362	1.222222222	0.333333333
333.137733	1.733333333	0.4
333.155491	1.733333333	0.533333333
333.170747	1.368421053	0.263157895
333.181981	1.444444444	0.222222222
333.207133	1.5	0.2
334.05684	0.866666667	0.533333333
334.072096	0.684210526	0.263157895
334.093225	1.0625	0.4375
334.104459	1.133333333	0.4
334.114355	1.615384615	0.692307692
334.129611	1.235294118	0.352941176
334.144867	1	0.142857143
334.165996	1.388888889	0.277777778
334.181253	1.136363636	0.090909091
334.223511	2.0625	0.375
335.023097	0.8	0.466666667
335.038354	0.631578947	0.210526316
335.040856	0.8	0.6
335.056112	0.631578947	0.315789474
335.067345	0.666666667	0.277777778
335.077241	1	0.5
335.092497	0.8	0.25
335.12486	1.25	0.375
335.134756	1.714285714	0.642857143
335.150012	1.333333333	0.333333333
335.153383	1.866666667	0.4
335.161245	1.411764706	0.294117647
335.186398	1.473684211	0.263157895
335.189769	2	0.3125
335.197631	1.555555556	0.222222222
335.222783	1.6	0.2
335.255146	2.25	0.3125
336.051361	0.611111111	0.333333333
336.087746	0.789473684	0.263157895
336.09898	0.833333333	0.222222222
336.106374	0.95	0.1
336.145261	1.352941176	0.352941176
336.160517	1.095238095	0.142857143
336.181647	1.5	0.277777778
336.239161	2.1875	0.375
336.994968	0.5	0.833333333
337.035376	0.555555556	0.388888889
337.038748	0.933333333	0.466666667
337.04661	0.588235294	0.352941176
337.071762	0.736842105	0.315789474
337.082995	0.777777778	0.277777778
337.092891	1.125	0.5
337.108147	0.9	0.25
337.119381	0.947368421	0.210526316
337.129277	1.294117647	0.411764706
337.132648	1.857142857	0.5
337.165662	1.444444444	0.333333333
337.176895	1.529411765	0.294117647
337.18429	1.578947368	0.157894737
337.202048	1.578947368	0.263157895
337.205419	2.125	0.3125
337.238433	1.7	0.2
337.311204	1.909090909	0.090909091
338.030625	0.529411765	0.411764706
338.067011	0.722222222	0.333333333
338.103396	0.894736842	0.263157895
338.135759	1.4	0.4
338.160911	1.470588235	0.352941176
339.051026	0.666666667	0.388888889
339.06226	0.705882353	0.352941176
339.083389	1.142857143	0.571428571
339.087412	0.842105263	0.315789474
339.123797	1	0.25
339.144927	1.411764706	0.411764706
339.148298	2	0.5
339.160183	1.142857143	0.19047619
339.163554	1.555555556	0.222222222
339.181312	1.555555556	0.333333333
339.195917	2.285714286	0.357142857
339.19994	1.684210526	0.157894737
339.217698	1.684210526	0.263157895
339.254083	1.8	0.2
339.290469	1.904761905	0.142857143
339.326854	2	0.090909091
339.992132	0.4375	0.375
340.046275	0.647058824	0.411764706
340.067405	1.071428571	0.642857143
340.082661	0.833333333	0.333333333
340.119046	1	0.263157895
340.140176	1.4375	0.4375
340.155432	1.15	0.2
340.976147	0.375	0.4375
341.005139	0.4	0.533333333
341.030291	0.588235294	0.470588235
341.066676	0.777777778	0.388888889
341.085304	0.947368421	0.210526316
341.087806	1.2	0.6
341.103062	0.947368421	0.315789474
341.124191	1.375	0.5
341.139447	1.1	0.25
341.142819	1.529411765	0.294117647
341.145321	2	0.769230769
341.160577	1.529411765	0.411764706
341.163948	2.142857143	0.5
341.175833	1.238095238	0.19047619
341.179204	1.666666667	0.222222222
341.196962	1.666666667	0.333333333
341.233348	1.789473684	0.263157895
341.269733	1.9	0.2
341.306119	2	0.142857143
342.02554	0.5625	0.5
342.061925	0.764705882	0.411764706
342.098311	0.944444444	0.333333333
342.134696	1.105263158	0.263157895
342.171082	1.25	0.2
342.228597	1.833333333	0.277777778
342.991797	0.5	0.4375
343.003031	0.533333333	0.4
343.020789	0.533333333	0.533333333
343.028183	0.705882353	0.352941176
343.045941	0.705882353	0.470588235
343.082326	0.888888889	0.388888889
343.09356	0.941176471	0.352941176
343.103456	1.333333333	0.6
343.118712	1.052631579	0.315789474
343.139841	1.5	0.5
343.143213	2.153846154	0.615384615
343.155097	1.2	0.25
343.160971	2.153846154	0.769230769
343.166331	1.263157895	0.210526316
343.176227	1.647058824	0.411764706
343.212612	1.777777778	0.333333333
343.248998	1.894736842	0.263157895
343.285383	2	0.2
344.04119	0.6875	0.5
344.077575	0.882352941	0.411764706
344.098705	1.357142857	0.642857143
344.102076	2.090909091	0.818181818
344.113961	1.055555556	0.333333333
344.13509	1.533333333	0.533333333
344.150346	1.210526316	0.263157895
344.186732	1.35	0.2
344.197965	1.421052632	0.157894737
344.223117	1.476190476	0.142857143
345.007447	0.625	0.4375
345.025205	0.625	0.5625
345.040462	0.5	0.3
345.061591	0.823529412	0.470588235
345.076847	0.666666667	0.238095238
345.080218	1	0.277777778
345.097976	1	0.388888889
345.10921	1.058823529	0.352941176
345.130339	1.571428571	0.571428571
345.134362	1.157894737	0.315789474
345.155491	1.625	0.5
345.170747	1.3	0.25
345.228262	1.888888889	0.333333333
346.05684	0.8125	0.5
346.072096	0.65	0.25
346.093225	1	0.411764706
346.129611	1.166666667	0.333333333
346.144867	0.954545455	0.136363636
346.15074	1.666666667	0.533333333
346.165996	1.315789474	0.263157895
346.181253	1.086956522	0.086956522
346.217638	1.208333333	0.041666667
346.259897	2.055555556	0.277777778
347.056112	0.6	0.3
347.067345	0.631578947	0.263157895
347.077241	0.941176471	0.470588235
347.092497	0.761904762	0.238095238
347.113627	1.111111111	0.388888889
347.150012	1.263157895	0.315789474
347.161245	1.333333333	0.277777778
347.186398	1.4	0.25
347.212887	1.217391304	0.043478261
348.036104	0.733333333	0.6
348.051361	0.578947368	0.315789474
348.057234	1.25	0.916666667
348.07249	0.9375	0.5
348.087746	0.75	0.25
348.145261	1.277777778	0.333333333
348.160517	1.045454545	0.136363636
348.181647	1.421052632	0.263157895
348.196903	1.173913043	0.086956522
348.202776	1.9375	0.4375
348.208136	1.227272727	0.045454545
348.275547	2.166666667	0.277777778
349.017618	0.526315789	0.263157895
349.035376	0.526315789	0.368421053
349.056506	0.875	0.5625
349.071762	0.7	0.3
349.092891	1.058823529	0.470588235
349.104124	1.125	0.4375
349.129277	1.222222222	0.388888889
349.155766	1.047619048	0.142857143
349.165662	1.368421053	0.315789474
349.176895	1.444444444	0.277777778
349.202048	1.5	0.25
349.241804	2.111111111	0.222222222
350.067011	0.684210526	0.315789474
350.103396	0.85	0.25
350.156888	1.923076923	0.615384615
350.160911	1.388888889	0.333333333
350.212553	1.260869565	0.086956522
350.218426	2.0625	0.4375
350.974233	0.333333333	0.916666667
350.996883	0.444444444	0.333333333
351.051026	0.631578947	0.368421053
351.06226	0.666666667	0.333333333
351.072156	1	0.5625
351.087412	0.8	0.3
351.106039	0.952380952	0.142857143
351.108541	1.176470588	0.470588235
351.140904	1.846153846	0.692307692
351.144927	1.333333333	0.388888889
351.148298	1.866666667	0.466666667
351.181312	1.473684211	0.315789474
351.184683	2	0.375
351.192546	1.555555556	0.277777778
351.217698	1.6	0.25
351.254083	1.714285714	0.19047619
351.290469	1.818181818	0.136363636
352.046275	0.611111111	0.388888889
352.082661	0.789473684	0.315789474
352.119046	0.95	0.25
352.137674	1.095238095	0.095238095
352.15478	2.076923077	0.461538462
352.187795	1.588235294	0.294117647
352.191817	1.227272727	0.136363636
352.228203	1.347826087	0.086956522
352.234076	2.1875	0.4375
352.997277	0.714285714	0.642857143
353.030291	0.555555556	0.444444444
353.041524	0.588235294	0.411764706
353.066676	0.736842105	0.368421053
353.087806	1.125	0.5625
353.103062	0.9	0.3
353.121689	1.047619048	0.142857143
353.124191	1.294117647	0.470588235
353.132923	1.1	0.1
353.150681	1.1	0.2
353.163948	2	0.466666667
353.17181	1.529411765	0.352941176
353.196962	1.578947368	0.315789474
353.200334	2.125	0.375
353.21559	1.7	0.15
353.233348	1.7	0.25
353.306119	1.909090909	0.136363636
353.342504	2	0.086956522
354.02554	0.529411765	0.470588235
354.061925	0.722222222	0.388888889
354.098311	0.894736842	0.315789474
354.130674	1.4	0.466666667
354.134696	1.05	0.25
354.171082	1.19047619	0.19047619
354.207467	1.318181818	0.136363636
355.045941	0.666666667	0.444444444
355.082326	0.842105263	0.368421053
355.100954	1	0.2
355.103456	1.25	0.5625
355.118712	1	0.3
355.135819	2	0.833333333
355.137339	1.142857143	0.142857143
355.139841	1.411764706	0.470588235
355.143213	2	0.571428571
355.155097	1.142857143	0.238095238
355.160971	2	0.714285714
355.176227	1.555555556	0.388888889
355.191483	1.272727273	0.181818182
355.194854	1.684210526	0.210526316
355.212612	1.684210526	0.315789474
355.248998	1.8	0.25
355.285383	1.904761905	0.19047619
355.321769	2	0.136363636
356.04119	0.647058824	0.470588235
356.077575	0.833333333	0.388888889
356.113961	1	0.315789474
356.146324	1.533333333	0.466666667
356.150346	1.15	0.25
356.171476	1.588235294	0.411764706
356.186732	1.285714286	0.19047619
356.244247	1.842105263	0.263157895
356.280632	1.95	0.2
356.992191	0.769230769	0.769230769
357.007447	0.588235294	0.411764706
357.025205	0.588235294	0.529411765
357.036439	0.625	0.5
357.061591	0.777777778	0.444444444
357.097976	0.947368421	0.368421053
357.116604	1.1	0.2
357.134362	1.1	0.3
357.145595	1.157894737	0.263157895
357.155491	1.529411765	0.470588235
357.158863	2.142857143	0.571428571
357.170747	1.238095238	0.238095238
357.191877	1.666666667	0.388888889
357.207133	1.363636364	0.181818182
357.228262	1.789473684	0.315789474
358.05684	0.764705882	0.470588235
358.093225	0.944444444	0.388888889
358.129611	1.105263158	0.315789474
358.165996	1.25	0.25
358.27113	2.055555556	0.222222222
358.983341	0.210526316	0.421052632
359.040856	0.705882353	0.529411765
359.056112	0.571428571	0.285714286
359.073218	1.230769231	0.769230769
359.077241	0.888888889	0.444444444
359.092497	0.727272727	0.227272727
359.113627	1.052631579	0.368421053
359.12486	1.111111111	0.333333333
359.150012	1.2	0.3
359.171141	1.647058824	0.470588235
359.186398	1.333333333	0.238095238
359.207527	1.777777778	0.388888889
359.222783	1.454545455	0.181818182
359.243912	1.894736842	0.315789474
360.087746	0.714285714	0.238095238
360.124132	0.863636364	0.181818182
360.130005	1.533333333	0.6
360.145261	1.210526316	0.315789474
360.160517	1	0.130434783
360.196903	1.125	0.083333333
361.035376	0.5	0.35
361.056506	0.823529412	0.529411765
361.071762	0.666666667	0.285714286
361.092891	1	0.444444444
361.129277	1.157894737	0.368421053
361.132648	1.625	0.4375
361.14051	1.222222222	0.333333333
361.165662	1.3	0.3
361.176895	1.368421053	0.263157895
362.067011	0.65	0.3
362.08814	1	0.470588235
362.124526	1.166666667	0.388888889
362.139782	0.954545455	0.181818182
362.160911	1.315789474	0.315789474
362.176167	1.086956522	0.130434783
362.20853	1.526315789	0.210526316
362.212553	1.208333333	0.083333333
362.974233	0.307692308	0.846153846
363.033268	0.6	0.25
363.051026	0.6	0.35
363.072156	0.941176471	0.529411765
363.087412	0.761904762	0.285714286
363.106039	0.909090909	0.136363636
363.108541	1.111111111	0.444444444
363.135031	0.952380952	0.19047619
363.144927	1.263157895	0.368421053
363.171416	1.090909091	0.136363636
363.181312	1.4	0.3
363.192546	1.473684211	0.263157895
363.969481	0.25	0.916666667
364.046275	0.578947368	0.368421053
364.082661	0.75	0.3
364.155432	1.045454545	0.181818182
364.161305	1.8	0.6
364.191817	1.173913043	0.130434783
364.228203	1.291666667	0.083333333
364.989883	0.461538462	0.846153846
365.012533	0.526315789	0.315789474
365.030291	0.526315789	0.421052632
365.066676	0.7	0.35
365.087806	1.058823529	0.529411765
365.103062	0.857142857	0.285714286
365.124191	1.222222222	0.444444444
365.139447	1	0.227272727
365.150681	1.047619048	0.19047619
365.154052	1.444444444	0.222222222
365.160577	1.368421053	0.368421053
365.17181	1.444444444	0.333333333
365.196962	1.5	0.3
365.208196	1.578947368	0.263157895
365.269733	1.727272727	0.181818182
365.306119	1.826086957	0.130434783
366.061925	0.684210526	0.368421053
366.098311	0.85	0.3
366.155826	1.388888889	0.388888889
366.171082	1.136363636	0.181818182
366.207467	1.260869565	0.130434783
366.249726	2.176470588	0.411764706
366.969147	0.333333333	1
367.045941	0.631578947	0.421052632
367.057174	0.666666667	0.388888889
367.082326	0.8	0.35
367.103456	1.176470588	0.529411765
367.118712	0.952380952	0.285714286
367.137339	1.090909091	0.136363636
367.139841	1.333333333	0.444444444
367.143213	1.866666667	0.533333333
367.155097	1.090909091	0.227272727
367.176227	1.473684211	0.368421053
367.18746	1.555555556	0.333333333
367.212612	1.6	0.3
367.23124	1.714285714	0.142857143
367.285383	1.818181818	0.181818182
367.321769	1.913043478	0.130434783
367.358154	2	0.083333333
367.964396	0.272727273	1.090909091
368.04119	0.611111111	0.444444444
368.077575	0.789473684	0.368421053
368.113961	0.95	0.3
368.182709	1.588235294	0.352941176
368.186732	1.227272727	0.181818182
368.190103	1.631578947	0.210526316
368.207861	1.631578947	0.315789474
368.223117	1.347826087	0.130434783
369.021183	0.769230769	0.846153846
369.025205	0.555555556	0.5
369.061591	0.736842105	0.421052632
369.097976	0.9	0.35
369.116604	1.047619048	0.19047619
369.119106	1.294117647	0.529411765
369.134362	1.047619048	0.285714286
369.140235	1.857142857	0.785714286
369.155491	1.444444444	0.444444444
369.158863	2	0.533333333
369.166725	1.529411765	0.411764706
369.170747	1.181818182	0.227272727
369.191877	1.578947368	0.368421053
369.228262	1.7	0.3
369.243519	1.416666667	0.125
369.264648	1.80952381	0.238095238
369.301033	1.909090909	0.181818182
369.337419	2	0.130434783
370.05684	0.722222222	0.444444444
370.093225	0.894736842	0.368421053
370.129611	1.05	0.3
370.15074	1.470588235	0.470588235
370.161974	1.5625	0.4375
370.165996	1.19047619	0.238095238
370.187126	1.611111111	0.388888889
370.202382	1.318181818	0.181818182
370.205753	1.736842105	0.210526316
370.986712	0.470588235	0.470588235
370.997945	0.5	0.4375
371.040856	0.666666667	0.5
371.077241	0.842105263	0.421052632
371.101742	1.846153846	0.769230769
371.113627	1	0.35
371.138127	2	0.642857143
371.150012	1.142857143	0.285714286
371.153383	1.555555556	0.333333333
371.155885	2	0.785714286
371.161245	1.2	0.25
371.171141	1.555555556	0.444444444
371.174513	2.133333333	0.533333333
371.186398	1.272727273	0.227272727
371.207527	1.684210526	0.368421053
371.243912	1.8	0.3
371.280298	1.904761905	0.238095238
371.316683	2	0.181818182
372.108876	1	0.368421053
372.145261	1.15	0.3
372.156494	1.210526316	0.263157895
372.16639	1.588235294	0.470588235
372.202776	1.722222222	0.388888889
373.056506	0.777777778	0.5
373.071762	0.636363636	0.272727273
373.092891	0.947368421	0.421052632
373.109998	2	1.090909091
373.111519	1.1	0.25
373.129277	1.1	0.35
373.14051	1.157894737	0.315789474
373.150406	1.529411765	0.529411765
373.165662	1.238095238	0.285714286
373.176895	1.3	0.25
373.186791	1.666666667	0.444444444
373.307181	2.1	0.2
374.067011	0.619047619	0.285714286
374.08814	0.944444444	0.444444444
374.105247	2.1	1.2
374.124526	1.105263158	0.368421053
374.139782	0.913043478	0.173913043
374.160911	1.25	0.3
374.176167	1.041666667	0.125
374.291197	2.05	0.25
375.051026	0.571428571	0.333333333
375.072156	0.888888889	0.5
375.087412	0.727272727	0.272727273
375.108541	1.052631579	0.421052632
375.144927	1.2	0.35
375.171416	1.043478261	0.130434783
375.181312	1.333333333	0.285714286
375.184683	1.777777778	0.333333333
375.202442	1.777777778	0.444444444
375.217698	1.454545455	0.227272727
375.275213	2	0.3
376.046275	0.55	0.35
376.082661	0.714285714	0.285714286
376.103139	2.3	1
376.155432	1	0.173913043
376.176561	1.35	0.3
376.191817	1.125	0.125
376.989883	0.428571429	0.785714286
377.012533	0.5	0.3
377.066676	0.666666667	0.333333333
377.085304	0.818181818	0.181818182
377.103062	0.818181818	0.272727273
377.124191	1.157894737	0.421052632
377.160577	1.3	0.35
377.175833	1.083333333	0.166666667
377.187066	1.130434783	0.130434783
377.208196	1.5	0.25
377.273105	2.1	0.2
377.988503	0.9	1.1
378.061925	0.65	0.35
378.098311	0.80952381	0.285714286
378.116938	0.954545455	0.136363636
378.134696	0.954545455	0.227272727
378.153324	1.086956522	0.086956522
378.171082	1.086956522	0.173913043
378.188188	1.933333333	0.533333333
378.192211	1.45	0.3
378.207467	1.208333333	0.125
379.028183	0.6	0.3
379.045941	0.6	0.4
379.082326	0.761904762	0.333333333
379.139841	1.263157895	0.421052632
379.143213	1.75	0.5
379.154446	1.866666667	0.466666667
379.176227	1.4	0.35
379.18746	1.473684211	0.315789474
379.212612	1.523809524	0.285714286
379.281361	2.222222222	0.333333333
379.285383	1.739130435	0.173913043
380.077575	0.75	0.35
380.171476	1.421052632	0.368421053
380.182709	1.5	0.333333333
380.186732	1.173913043	0.173913043
380.223117	1.291666667	0.125
380.265376	2.166666667	0.388888889
380.984797	0.461538462	0.923076923
381.061591	0.7	0.4
381.097976	0.857142857	0.333333333
381.116604	1	0.181818182
381.119106	1.222222222	0.5
381.134362	1	0.272727273
381.145595	1.047619048	0.238095238
381.155491	1.368421053	0.421052632
381.166725	1.444444444	0.388888889
381.191877	1.5	0.35
381.20311	1.578947368	0.315789474
381.24689	1.727272727	0.136363636
381.301033	1.826086957	0.173913043
381.337419	1.916666667	0.125
381.373804	2	0.08
381.980046	0.416666667	1
382.093225	0.85	0.35
382.165996	1.136363636	0.227272727
382.202382	1.260869565	0.173913043
383.040856	0.631578947	0.473684211
383.077241	0.8	0.4
383.113627	0.952380952	0.333333333
383.132254	1.090909091	0.181818182
383.138127	1.866666667	0.6
383.150012	1.090909091	0.272727273
383.161245	1.142857143	0.238095238
383.171141	1.473684211	0.421052632
383.182375	1.555555556	0.388888889
383.197631	1.272727273	0.181818182
383.207527	1.6	0.35
383.222783	1.333333333	0.166666667
383.243912	1.714285714	0.285714286
383.280298	1.818181818	0.227272727
383.316683	1.913043478	0.173913043
383.353069	2	0.125
384.175122	1.285714286	0.095238095
384.185018	1.631578947	0.263157895
384.218032	1.347826087	0.173913043
384.229265	1.409090909	0.136363636
385.016097	0.769230769	0.923076923
385.056506	0.736842105	0.473684211
385.092891	0.9	0.4
385.111519	1.047619048	0.238095238
385.129277	1.047619048	0.333333333
385.13515	1.857142857	0.857142857
385.153777	2	0.6
385.176895	1.238095238	0.238095238
385.220675	1.416666667	0.083333333
385.223177	1.7	0.35
385.259562	1.80952381	0.285714286
386.143153	1.19047619	0.19047619
386.18204	1.611111111	0.444444444
386.200668	1.736842105	0.263157895
386.30243	2.05	0.2
386.981627	0.470588235	0.529411765
387.051026	0.545454545	0.318181818
387.072156	0.842105263	0.473684211
387.087412	0.695652174	0.260869565
387.090783	1	0.3
387.108541	1	0.4
387.127169	1.142857143	0.238095238
387.144927	1.142857143	0.333333333
387.15616	1.2	0.3
387.169427	2.133333333	0.6
387.181312	1.272727273	0.272727273
387.286446	2	0.25
388.082661	0.681818182	0.272727273
388.197691	1.722222222	0.444444444
388.270462	1.95	0.3
388.300322	2.15	0.1
389.041524	0.5	0.35
389.066676	0.636363636	0.318181818
389.103062	0.782608696	0.260869565
389.124191	1.1	0.4
389.160577	1.238095238	0.333333333
389.181706	1.666666667	0.5
389.196962	1.363636364	0.272727273
389.273105	2	0.19047619
389.302096	2.1	0.25
390.061925	0.619047619	0.333333333
390.155826	1.25	0.35
390.171082	1.041666667	0.166666667
390.176955	1.705882353	0.529411765
390.207467	1.16	0.12
390.264982	1.608695652	0.173913043
391.045941	0.571428571	0.380952381
391.082326	0.727272727	0.318181818
391.139841	1.2	0.4
391.176227	1.333333333	0.333333333
391.194854	1.454545455	0.181818182
391.212612	1.454545455	0.272727273
391.288755	2.095238095	0.19047619
392.077575	0.714285714	0.333333333
392.150346	1	0.217391304
392.171476	1.35	0.35
392.186732	1.125	0.166666667
392.223117	1.24	0.12
392.265376	2.052631579	0.368421053
393.097976	0.818181818	0.318181818
393.119106	1.157894737	0.473684211
393.155491	1.3	0.4
393.170747	1.083333333	0.208333333
393.181981	1.130434783	0.173913043
393.191877	1.428571429	0.333333333
393.20311	1.5	0.3
393.207133	1.2	0.16
393.218366	1.25	0.125
393.239496	1.619047619	0.238095238
393.301033	1.75	0.166666667
393.312267	1.826086957	0.130434783
393.337419	1.84	0.12
394.111853	0.954545455	0.181818182
394.129611	0.954545455	0.272727273
394.165996	1.086956522	0.217391304
394.202382	1.208333333	0.166666667
394.238767	1.32	0.12
394.281026	2.157894737	0.368421053
395.077241	0.761904762	0.380952381
395.113627	0.909090909	0.318181818
395.132254	1.043478261	0.173913043
395.134756	1.263157895	0.473684211
395.150012	1.043478261	0.260869565
395.161245	1.090909091	0.227272727
395.168639	1.166666667	0.125
395.171141	1.4	0.4
395.207527	1.523809524	0.333333333
395.243912	1.636363636	0.272727273
395.316683	1.833333333	0.166666667
395.353069	1.92	0.12
395.389454	2	0.076923077
395.995696	0.538461538	0.923076923
396.07249	0.75	0.4
396.16639	1.421052632	0.421052632
396.181647	1.173913043	0.217391304
396.218032	1.291666667	0.166666667
397.056506	0.7	0.45
397.092891	0.857142857	0.380952381
397.111519	1	0.227272727
397.129277	1	0.318181818
397.14051	1.047619048	0.285714286
397.147904	1.130434783	0.173913043
397.150406	1.368421053	0.473684211
397.153777	1.875	0.5625
397.165662	1.130434783	0.260869565
397.176895	1.181818182	0.227272727
397.186791	1.5	0.4
397.198025	1.578947368	0.368421053
397.202048	1.25	0.208333333
397.205419	1.619047619	0.238095238
397.223177	1.619047619	0.333333333
397.226548	2.111111111	0.388888889
397.241804	1.727272727	0.181818182
397.259562	1.727272727	0.272727273
397.295948	1.826086957	0.217391304
397.332334	1.916666667	0.166666667
397.368719	2	0.12
398.08814	0.85	0.4
398.124526	1	0.333333333
398.145655	1.388888889	0.5
398.160911	1.136363636	0.272727273
398.197297	1.260869565	0.217391304
398.233682	1.375	0.166666667
399.072156	0.8	0.45
399.108541	0.952380952	0.380952381
399.144927	1.090909091	0.318181818
399.15616	1.142857143	0.285714286
399.166056	1.473684211	0.473684211
399.169427	2	0.5625
399.181312	1.217391304	0.260869565
399.192546	1.272727273	0.227272727
399.217698	1.333333333	0.208333333
399.238827	1.714285714	0.333333333
399.257454	1.818181818	0.181818182
399.275213	1.818181818	0.272727273
399.311598	1.913043478	0.217391304
399.347984	2	0.166666667
400.212947	1.347826087	0.217391304
400.270462	1.857142857	0.285714286
400.960891	0.352941176	0.588235294
400.989883	0.375	0.6875
401.05142	0.736842105	0.526315789
401.066676	0.608695652	0.304347826
401.087806	0.9	0.45
401.124191	1.047619048	0.380952381
401.148692	2	0.666666667
401.160577	1.181818182	0.318181818
401.17181	1.238095238	0.285714286
401.181706	1.578947368	0.473684211
401.196962	1.304347826	0.260869565
401.208196	1.363636364	0.227272727
401.233348	1.416666667	0.208333333
401.254477	1.80952381	0.333333333
401.273105	1.909090909	0.181818182
401.290863	1.909090909	0.272727273
402.061925	0.590909091	0.318181818
402.155826	1.19047619	0.333333333
402.195583	1.736842105	0.315789474
402.23983	1.5	0.181818182
402.247224	1.541666667	0.083333333
402.957914	0.25	0.8125
402.994299	0.470588235	0.705882353
403.009555	0.380952381	0.428571429
403.045941	0.545454545	0.363636364
403.082326	0.695652174	0.304347826
403.103456	1	0.45
403.139841	1.142857143	0.380952381
403.164342	2.133333333	0.666666667
403.176227	1.272727273	0.318181818
403.179598	1.684210526	0.368421053
403.223846	1.454545455	0.227272727
403.288755	2	0.181818182
403.306513	2	0.272727273
403.317746	2.095238095	0.238095238
404.077575	0.681818182	0.318181818
404.113961	0.826086957	0.260869565
404.192605	1.722222222	0.5
404.301762	2.047619048	0.285714286
404.338147	2.136363636	0.227272727
405.005927	0.833333333	1.166666667
405.061591	0.636363636	0.363636364
405.097976	0.782608696	0.304347826
405.119106	1.1	0.45
405.152989	1.04	0.12
405.155491	1.238095238	0.380952381
405.191877	1.363636364	0.318181818
405.207133	1.153846154	0.153846154
405.228262	1.47826087	0.260869565
405.264648	1.583333333	0.208333333
405.301033	1.68	0.16
405.304405	2.090909091	0.181818182
405.315638	2.19047619	0.142857143
406.111853	0.913043478	0.173913043
406.187126	1.380952381	0.333333333
406.202382	1.16	0.16
406.223511	1.5	0.272727273
406.281026	2.05	0.35
406.317412	2.142857143	0.285714286
407.003819	1	1
407.040856	0.571428571	0.428571429
407.077241	0.727272727	0.363636364
407.088474	0.761904762	0.333333333
407.168639	1.12	0.12
407.189769	1.454545455	0.227272727
407.197631	1.166666667	0.166666667
407.207527	1.454545455	0.318181818
407.234016	1.28	0.12
407.243912	1.565217391	0.260869565
407.247284	2	0.3
407.312661	2.2	0.3
407.316683	1.76	0.16
407.353069	1.846153846	0.115384615
408.108876	0.863636364	0.318181818
408.127503	1	0.173913043
408.145261	1	0.260869565
408.218032	1.24	0.16
408.260291	2.052631579	0.421052632
409.092891	0.818181818	0.363636364
409.111519	0.956521739	0.217391304
409.129277	0.956521739	0.304347826
409.147904	1.083333333	0.166666667
409.186791	1.428571429	0.380952381
409.205419	1.545454545	0.227272727
409.213281	1.25	0.166666667
409.223177	1.545454545	0.318181818
409.259562	1.652173913	0.260869565
409.295948	1.75	0.208333333
409.311204	1.5	0.071428571
409.332334	1.84	0.16
409.368719	1.923076923	0.115384615
410.197297	1.208333333	0.208333333
410.233682	1.32	0.16
410.275941	2.157894737	0.421052632
411.002756	0.75	0.6875
411.072156	0.761904762	0.428571429
411.108541	0.909090909	0.363636364
411.127169	1.043478261	0.217391304
411.140904	1.333333333	0.5
411.159531	1.473684211	0.315789474
411.169427	1.882352941	0.529411765
411.192546	1.217391304	0.217391304
411.202442	1.523809524	0.380952381
411.213675	1.6	0.35
411.217698	1.28	0.2
411.238827	1.636363636	0.318181818
411.257454	1.739130435	0.173913043
411.311598	1.833333333	0.208333333
411.347984	1.92	0.16
411.384369	2	0.115384615
412.161305	1.421052632	0.473684211
412.164676	1.9375	0.5625
412.170036	1.227272727	0.136363636
412.172538	1.5	0.444444444
412.176561	1.173913043	0.260869565
412.212947	1.291666667	0.208333333
412.270462	1.772727273	0.272727273
412.999779	0.666666667	0.933333333
413.05142	0.7	0.5
413.070048	0.857142857	0.333333333
413.087154	1.692307692	0.846153846
413.124191	1	0.363636364
413.135425	1.047619048	0.333333333
413.17181	1.181818182	0.272727273
413.185077	2	0.529411765
413.196962	1.25	0.25
413.233348	1.36	0.2
413.254477	1.727272727	0.318181818
413.273105	1.826086957	0.173913043
413.290863	1.826086957	0.260869565
413.30949	1.916666667	0.125
413.327248	1.916666667	0.208333333
413.363634	2	0.16
414.161699	1.933333333	0.8
414.192211	1.260869565	0.260869565
414.203445	1.318181818	0.227272727
414.228597	1.375	0.208333333
414.23983	1.434782609	0.173913043
414.286112	1.863636364	0.272727273
414.987775	0.470588235	0.529411765
415.06707	0.8	0.5
415.082326	0.666666667	0.291666667
415.103456	0.952380952	0.428571429
415.135819	1.411764706	0.588235294
415.151075	1.142857143	0.333333333
415.158469	1.217391304	0.217391304
415.164342	2	0.625
415.176227	1.217391304	0.304347826
415.18746	1.272727273	0.272727273
415.191483	1.037037037	0.148148148
415.197356	1.6	0.45
415.212612	1.333333333	0.25
415.223846	1.391304348	0.217391304
415.227868	1.142857143	0.107142857
415.233742	1.714285714	0.380952381
415.270127	1.818181818	0.318181818
415.288755	1.913043478	0.173913043
415.306513	1.913043478	0.260869565
416.077575	0.652173913	0.304347826
416.119834	1.352941176	0.647058824
416.123205	1.928571429	0.785714286
416.167453	1.588235294	0.529411765
416.207861	1.347826087	0.260869565
416.219095	1.409090909	0.227272727
416.301762	1.954545455	0.272727273
417.024554	1	0.785714286
417.061591	0.608695652	0.347826087
417.072824	0.636363636	0.318181818
417.097976	0.75	0.291666667
417.143607	2	0.733333333
417.155491	1.181818182	0.363636364
417.179992	2.125	0.625
417.191877	1.304347826	0.304347826
417.20311	1.363636364	0.272727273
417.207133	1.111111111	0.148148148
417.213006	1.7	0.45
417.228262	1.416666667	0.25
417.243519	1.214285714	0.107142857
417.301033	1.615384615	0.153846154
417.304405	2	0.173913043
418.15074	1.19047619	0.380952381
418.281026	1.952380952	0.333333333
418.317412	2.045454545	0.272727273
418.353797	2.130434783	0.217391304
419.021577	0.923076923	1.076923077
419.077241	0.695652174	0.347826087
419.113627	0.833333333	0.291666667
419.134756	1.142857143	0.428571429
419.150012	0.96	0.24
419.171141	1.272727273	0.363636364
419.207527	1.391304348	0.304347826
419.210898	1.8	0.35
419.21876	1.454545455	0.272727273
419.241411	1.285714286	0.035714286
419.243912	1.5	0.25
419.280298	1.6	0.2
419.283669	2	0.227272727
419.316683	1.692307692	0.153846154
419.320055	2.086956522	0.173913043
420.07249	0.681818182	0.363636364
420.202776	1.409090909	0.318181818
420.296676	2.047619048	0.333333333
420.333062	2.136363636	0.272727273
420.95072	0.375	0.75
421.002362	0.476190476	0.380952381
421.019469	1.076923077	0.923076923
421.056506	0.636363636	0.409090909
421.092891	0.782608696	0.347826087
421.104124	0.818181818	0.318181818
421.159137	1.083333333	0.125
421.190163	1.789473684	0.421052632
421.202048	1.153846154	0.192307692
421.223177	1.47826087	0.304347826
421.226548	1.9	0.35
421.23441	1.545454545	0.272727273
421.259562	1.583333333	0.25
421.262934	2	0.285714286
421.295948	1.68	0.2
421.332334	1.769230769	0.153846154
421.368719	1.851851852	0.111111111
422.08814	0.772727273	0.363636364
422.143153	1.041666667	0.166666667
422.18204	1.380952381	0.380952381
422.197297	1.16	0.2
422.218426	1.5	0.318181818
422.233682	1.269230769	0.153846154
422.275941	2.05	0.4
422.312326	2.142857143	0.333333333
423.071504	1.428571429	0.785714286
423.108541	0.869565217	0.347826087
423.129671	1.2	0.5
423.163554	1.12	0.16
423.174787	1.166666667	0.125
423.228931	1.28	0.16
423.238827	1.565217391	0.304347826
423.275213	1.666666667	0.25
423.347984	1.846153846	0.153846154
423.384369	1.925925926	0.111111111
423.420755	2	0.071428571
423.936467	0.230769231	0.923076923
424.140176	1	0.304347826
424.212947	1.24	0.2
424.249332	1.346153846	0.153846154
425.083783	1.058823529	0.647058824
425.087806	0.818181818	0.409090909
425.106433	0.956521739	0.260869565
425.124191	0.956521739	0.347826087
425.142819	1.083333333	0.208333333
425.179204	1.2	0.16
425.181706	1.428571429	0.428571429
425.185077	1.888888889	0.5
425.208196	1.25	0.208333333
425.229325	1.619047619	0.333333333
425.244581	1.36	0.16
425.254477	1.652173913	0.304347826
425.273105	1.75	0.166666667
425.290863	1.75	0.25
425.306119	1.5	0.107142857
425.327248	1.84	0.2
425.363634	1.923076923	0.153846154
425.400019	2	0.111111111
426.192211	1.208333333	0.25
426.228597	1.32	0.2
426.270855	2.157894737	0.473684211
427.070442	1.111111111	0.555555556
427.085698	0.909090909	0.318181818
427.103456	0.909090909	0.409090909
427.122083	1.043478261	0.260869565
427.139841	1.043478261	0.347826087
427.158469	1.166666667	0.208333333
427.172204	1.473684211	0.473684211
427.18746	1.217391304	0.260869565
427.200727	2	0.5
427.223846	1.333333333	0.208333333
427.270127	1.739130435	0.304347826
427.288755	1.833333333	0.166666667
427.306513	1.833333333	0.25
427.342898	1.92	0.2
428.15622	1.421052632	0.526315789
428.170824	2.066666667	0.6
428.207861	1.291666667	0.25
428.265376	1.772727273	0.318181818
428.301762	1.869565217	0.260869565
429.08272	0.857142857	0.476190476
429.119106	1	0.409090909
429.15484	2	0.666666667
429.179992	2	0.588235294
429.191877	1.25	0.291666667
429.20311	1.304347826	0.260869565
429.207133	1.071428571	0.142857143
429.228262	1.36	0.24
429.243519	1.172413793	0.103448276
429.24689	1.461538462	0.115384615
429.249392	1.727272727	0.363636364
429.268019	1.826086957	0.217391304
429.285777	1.826086957	0.304347826
429.304405	1.916666667	0.166666667
429.322163	1.916666667	0.25
430.135484	1.388888889	0.611111111
430.138855	1.933333333	0.733333333
430.154112	1.526315789	0.421052632
430.169368	1.260869565	0.217391304
430.17187	1.526315789	0.526315789
430.187126	1.260869565	0.304347826
430.216987	1.434782609	0.130434783
430.223511	1.375	0.25
430.317412	1.956521739	0.260869565
431.077241	0.666666667	0.333333333
431.167119	1.555555556	0.555555556
431.270402	1.285714286	0.071428571
431.316683	1.62962963	0.148148148
431.320055	2	0.166666667
431.349046	2.086956522	0.217391304
432.108876	0.791666667	0.291666667
432.202776	1.347826087	0.304347826
432.214009	1.409090909	0.272727273
432.223905	1.75	0.45
432.296676	1.954545455	0.318181818
432.333062	2.043478261	0.260869565
432.369447	2.125	0.208333333
433.056506	0.608695652	0.391304348
433.092891	0.75	0.333333333
433.129277	0.88	0.28
433.14051	0.916666667	0.25
433.147904	1	0.153846154
433.150406	1.181818182	0.409090909
433.161639	1.238095238	0.380952381
433.198025	1.363636364	0.318181818
433.202048	1.111111111	0.185185185
433.205419	1.416666667	0.208333333
433.259562	1.52	0.24
433.295948	1.615384615	0.192307692
433.299319	2	0.217391304
433.332334	1.703703704	0.148148148
433.335705	2.083333333	0.166666667
434.108618	2.083333333	1
434.312326	2.045454545	0.318181818
434.348712	2.130434783	0.260869565
435.072156	0.695652174	0.391304348
435.108541	0.833333333	0.333333333
435.127169	0.96	0.2
435.129671	1.142857143	0.476190476
435.166056	1.272727273	0.409090909
435.174787	1.12	0.12
435.184683	1.391304348	0.260869565
435.202442	1.391304348	0.347826087
435.213675	1.454545455	0.318181818
435.221069	1.5	0.208333333
435.238827	1.5	0.291666667
435.253432	2	0.3
435.257454	1.6	0.16
435.278584	2	0.272727273
435.311598	1.692307692	0.192307692
435.359217	1.846153846	0.115384615
435.384369	1.857142857	0.107142857
436.005867	0.368421053	0.526315789
436.091905	1.4375	0.6875
436.151409	1	0.260869565
436.15478	1.35	0.3
436.158803	1.08	0.16
436.212947	1.192307692	0.192307692
437.087154	1.466666667	0.733333333
437.124191	0.916666667	0.333333333
437.142819	1.04	0.2
437.154052	1.083333333	0.166666667
437.179204	1.153846154	0.153846154
437.181706	1.363636364	0.409090909
437.190438	1.2	0.12
437.196962	1.153846154	0.230769231
437.200334	1.47826087	0.260869565
437.218092	1.47826087	0.347826087
437.226823	1.307692308	0.076923077
437.251975	1.357142857	0.071428571
437.254477	1.583333333	0.291666667
437.257848	2	0.333333333
437.290863	1.68	0.24
437.306119	1.448275862	0.103448276
437.327248	1.769230769	0.192307692
437.363634	1.851851852	0.148148148
437.400019	1.928571429	0.107142857
438.195583	1.5	0.272727273
438.228597	1.269230769	0.192307692
438.270855	2.05	0.45
438.307241	2.142857143	0.380952381
439.045289	0.941176471	0.588235294
439.103456	0.869565217	0.391304348
439.139841	1	0.333333333
439.158469	1.12	0.2
439.160971	1.333333333	0.476190476
439.169702	1.166666667	0.166666667
439.176227	1.12	0.28
439.197356	1.454545455	0.409090909
439.200727	1.894736842	0.473684211
439.215984	1.565217391	0.260869565
439.223846	1.28	0.2
439.233742	1.565217391	0.347826087
439.248998	1.333333333	0.185185185
439.288755	1.76	0.16
439.306513	1.76	0.24
439.321769	1.517241379	0.103448276
439.342898	1.846153846	0.192307692
439.379284	1.925925926	0.148148148
439.415669	2	0.107142857
440.203839	1.55	0.4
440.207861	1.24	0.24
440.228991	1.590909091	0.363636364
440.244247	1.346153846	0.192307692
441.021183	0.526315789	0.578947368
441.08272	0.818181818	0.454545455
441.086092	1.157894737	0.526315789
441.101348	0.956521739	0.304347826
441.119106	0.956521739	0.391304348
441.174119	1.2	0.2
441.252763	2.1	0.4
441.264648	1.407407407	0.185185185
441.268019	1.75	0.208333333
441.304405	1.84	0.16
441.322163	1.84	0.24
441.358548	1.923076923	0.192307692
441.947032	0.384615385	1
442.138855	1.8125	0.6875
442.187126	1.208333333	0.291666667
442.223511	1.32	0.24
442.281026	1.782608696	0.304347826
442.317412	1.875	0.25
442.365031	2.041666667	0.166666667
443.05546	0.8	0.4
443.077241	0.64	0.32
443.09837	0.909090909	0.454545455
443.167119	1.473684211	0.526315789
443.174513	1.523809524	0.380952381
443.186398	1	0.178571429
443.192271	1.523809524	0.476190476
443.195642	2	0.555555556
443.207527	1.28	0.28
443.210898	1.636363636	0.318181818
443.222783	1.103448276	0.137931034
443.247284	1.739130435	0.260869565
443.26254	1.481481481	0.111111111
443.265042	1.739130435	0.347826087
443.283669	1.833333333	0.208333333
443.301427	1.833333333	0.291666667
443.320055	1.92	0.16
444.181647	1	0.185185185
444.202776	1.291666667	0.291666667
444.333062	1.958333333	0.25
444.344295	2.043478261	0.217391304
445.073612	1.125	0.8125
445.092891	0.72	0.32
445.104124	0.75	0.291666667
445.11402	1	0.454545455
445.150406	1.130434783	0.391304348
445.169033	1.25	0.25
445.186791	1.25	0.333333333
445.190163	1.619047619	0.380952381
445.198025	1.304347826	0.304347826
445.202048	1.071428571	0.178571429
445.207921	1.619047619	0.476190476
445.223177	1.36	0.28
445.238433	1.172413793	0.137931034
445.244306	1.727272727	0.409090909
445.259562	1.461538462	0.230769231
445.295948	1.555555556	0.185185185
445.299319	1.916666667	0.208333333
445.332334	1.642857143	0.142857143
445.335705	2	0.16
446.072884	0.85	0.55
446.18204	1.260869565	0.347826087
446.218426	1.375	0.291666667
446.273439	1.576923077	0.115384615
446.312326	1.956521739	0.304347826
446.348712	2.041666667	0.25
446.385097	2.12	0.2
447.054398	0.666666667	0.291666667
447.072156	0.666666667	0.375
447.127169	0.923076923	0.192307692
447.163554	1.037037037	0.148148148
447.166056	1.217391304	0.391304348
447.177289	1.272727273	0.363636364
447.187185	1.6	0.55
447.202442	1.333333333	0.333333333
447.221069	1.44	0.2
447.238827	1.44	0.28
447.265317	1.285714286	0.107142857
447.314969	2	0.208333333
447.347984	1.714285714	0.142857143
447.351355	2.08	0.16
448.10379	0.791666667	0.333333333
448.21882	1.75	0.5
448.291591	1.954545455	0.363636364
448.327976	2.043478261	0.304347826
448.364362	2.125	0.25
449.154052	1.04	0.16
449.190438	1.153846154	0.115384615
449.200334	1.416666667	0.25
449.21559	1.214285714	0.107142857
449.218092	1.416666667	0.333333333
449.236719	1.52	0.2
449.254477	1.52	0.28
449.280967	1.357142857	0.107142857
449.290863	1.615384615	0.230769231
449.294234	2	0.260869565
449.327248	1.703703704	0.185185185
449.363634	1.785714286	0.142857143
450.176955	1.318181818	0.409090909
450.343626	2.130434783	0.304347826
451.103456	0.833333333	0.375
451.158469	1.076923077	0.192307692
451.197356	1.391304348	0.391304348
451.20859	1.454545455	0.363636364
451.215984	1.5	0.25
451.23124	1.285714286	0.107142857
451.233742	1.5	0.333333333
451.306513	1.692307692	0.230769231
451.321117	2.181818182	0.227272727
451.342898	1.777777778	0.185185185
451.379284	1.857142857	0.142857143
451.415669	1.931034483	0.103448276
452.195976	1.842105263	0.473684211
452.207861	1.192307692	0.230769231
452.25548	1.346153846	0.153846154
453.119106	0.916666667	0.375
453.155491	1.04	0.32
453.206482	1.545454545	0.272727273
453.213006	1.47826087	0.391304348
453.221738	1.307692308	0.115384615
453.231634	1.583333333	0.25
453.249392	1.583333333	0.333333333
453.264648	1.357142857	0.178571429
453.268019	1.68	0.2
453.304405	1.769230769	0.153846154
453.322163	1.769230769	0.230769231
453.358548	1.851851852	0.185185185
453.394934	1.928571429	0.142857143
453.431319	2	0.103448276
454.192999	1.833333333	0.666666667
454.198359	1.208333333	0.25
454.211626	1.947368421	0.473684211
454.223511	1.269230769	0.230769231
455.09837	0.869565217	0.434782609
455.101742	1.2	0.5
455.116998	1	0.291666667
455.153383	1.12	0.24
455.203504	1.523809524	0.428571429
455.21876	1.28	0.24
455.255146	1.384615385	0.192307692
455.265042	1.666666667	0.333333333
455.280298	1.428571429	0.178571429
455.301427	1.76	0.28
455.320055	1.846153846	0.153846154
455.337813	1.846153846	0.230769231
455.374198	1.925925926	0.185185185
455.962682	0.5	0.928571429
456.008964	1.153846154	1.153846154
456.202124	2.058823529	0.529411765
456.239161	1.346153846	0.230769231
456.296676	1.791666667	0.291666667
456.333062	1.88	0.24
457.092891	0.692307692	0.307692308
457.11402	0.956521739	0.434782609
457.165662	0.928571429	0.214285714
457.169033	1.2	0.24
457.190163	1.545454545	0.363636364
457.202048	1.034482759	0.172413793
457.23441	1.36	0.24
457.238433	1.133333333	0.133333333
457.259562	1.407407407	0.222222222
457.295948	1.5	0.178571429
457.299319	1.84	0.2
457.317077	1.84	0.28
457.335705	1.923076923	0.153846154
458.200668	1.32	0.2
458.20317	1.571428571	0.476190476
458.218426	1.32	0.28
458.239555	1.681818182	0.409090909
458.312326	1.875	0.291666667
458.348712	1.96	0.24
458.359945	2.041666667	0.208333333
459.072156	0.64	0.36
459.181312	1	0.214285714
459.190557	2	0.611111111
459.202442	1.28	0.32
459.213675	1.333333333	0.291666667
459.217698	1.103448276	0.172413793
459.238827	1.384615385	0.269230769
459.254083	1.2	0.133333333
459.265317	1.24137931	0.103448276
459.275213	1.481481481	0.222222222
459.311598	1.571428571	0.178571429
459.314969	1.92	0.2
459.351355	2	0.153846154
460.140176	0.884615385	0.269230769
460.212947	1.107142857	0.178571429
460.327976	1.958333333	0.291666667
460.364362	2.04	0.24
460.400747	2.115384615	0.192307692
461.087806	0.72	0.36
461.099039	0.75	0.333333333
461.124191	0.846153846	0.307692308
461.142819	0.962962963	0.185185185
461.17181	1	0.230769231
461.179204	1.071428571	0.142857143
461.181706	1.25	0.375
461.192939	1.304347826	0.347826087
461.229325	1.416666667	0.291666667
461.244581	1.214285714	0.142857143
461.254477	1.461538462	0.269230769
461.280967	1.310344828	0.103448276
461.290863	1.555555556	0.222222222
461.327248	1.642857143	0.178571429
461.330619	2	0.2
461.367005	2.076923077	0.153846154
462.192211	1.074074074	0.222222222
462.228597	1.178571429	0.178571429
462.343626	2.041666667	0.291666667
462.380012	2.12	0.24
463.06707	0.666666667	0.416666667
463.103456	0.8	0.36
463.169702	1.076923077	0.153846154
463.215984	1.44	0.24
463.233742	1.44	0.32
463.260231	1.285714286	0.142857143
463.270127	1.538461538	0.269230769
463.306513	1.62962963	0.222222222
463.309884	2	0.25
463.379284	1.793103448	0.137931034
464.153718	1.038461538	0.192307692
464.207861	1.148148148	0.222222222
464.244247	1.25	0.178571429
464.359277	2.125	0.291666667
465.115083	1.1	0.55
465.185352	1.153846154	0.153846154
465.195248	1.416666667	0.291666667
465.213006	1.416666667	0.375
465.231634	1.52	0.24
465.249392	1.52	0.32
465.304405	1.703703704	0.148148148
465.322163	1.703703704	0.222222222
465.358548	1.785714286	0.178571429
465.394934	1.862068966	0.137931034
465.431319	1.933333333	0.1
465.993313	0.928571429	1.071428571
466.120228	1.470588235	0.823529412
466.17187	1.318181818	0.454545455
466.223511	1.222222222	0.222222222
467.201002	1.230769231	0.153846154
467.224634	1.894736842	0.578947368
467.228656	1.5	0.375
467.247284	1.6	0.24
467.255146	1.333333333	0.185185185
467.265042	1.6	0.32
467.320055	1.777777778	0.148148148
467.337813	1.777777778	0.222222222
467.374198	1.857142857	0.178571429
467.410584	1.931034483	0.137931034
467.446969	2	0.1
468.112247	0.958333333	0.291666667
468.114749	1.15	0.6
468.141238	1	0.347826087
469.169033	1.153846154	0.230769231
469.182769	1.428571429	0.476190476
469.198025	1.2	0.28
469.201396	1.545454545	0.318181818
469.244306	1.583333333	0.375
469.270796	1.407407407	0.185185185
469.317077	1.769230769	0.269230769
469.335705	1.851851852	0.148148148
469.353463	1.851851852	0.222222222
469.389848	1.928571429	0.178571429
469.978332	0.6	0.866666667
470.218426	1.269230769	0.269230769
470.254811	1.37037037	0.222222222
470.291197	1.464285714	0.178571429
470.312326	1.8	0.28
470.348712	1.884615385	0.230769231
470.385097	1.962962963	0.185185185
471.148298	1.12	0.28
471.190557	1.894736842	0.578947368
471.198419	1.523809524	0.476190476
471.202442	1.230769231	0.307692308
471.213675	1.28	0.28
471.217698	1.066666667	0.166666667
471.29384	1.517241379	0.103448276
471.332727	1.846153846	0.269230769
471.351355	1.925925926	0.148148148
472.234076	1.346153846	0.269230769
472.237447	1.695652174	0.304347826
472.327976	1.88	0.28
472.364362	1.961538462	0.230769231
472.375595	2.04	0.2
473.163948	1.2	0.28
473.196962	1.034482759	0.206896552
473.218092	1.307692308	0.307692308
473.233348	1.133333333	0.166666667
473.254477	1.407407407	0.259259259
473.26571	1.461538462	0.230769231
473.327248	1.586206897	0.172413793
473.330619	1.923076923	0.192307692
473.367005	2	0.148148148
474.216712	1.681818182	0.363636364
474.23447	1.681818182	0.454545455
474.286112	1.518518519	0.222222222
474.343626	1.96	0.28
474.380012	2.038461538	0.230769231
474.416397	2.111111111	0.185185185
474.9249	0.222222222	0.777777778
475.143213	1.166666667	0.333333333
475.158469	1	0.178571429
475.200727	1.636363636	0.409090909
475.20859	1.333333333	0.333333333
475.212612	1.103448276	0.206896552
475.233742	1.384615385	0.307692308
475.248998	1.2	0.166666667
475.254871	1.739130435	0.434782609
475.306513	1.571428571	0.214285714
475.342898	1.655172414	0.172413793
475.346269	2	0.192307692
475.382655	2.074074074	0.148148148
476.195976	1.666666667	0.428571429
476.359277	2.04	0.28
476.395662	2.115384615	0.230769231
477.172598	1.578947368	0.631578947
477.185352	1.111111111	0.148148148
477.19775	1.619047619	0.571428571
477.208983	1.7	0.55
477.325534	2	0.24
478.374927	2.12	0.28
478.919814	0.235294118	0.882352941
479.164617	1.076923077	0.192307692
479.210898	1.44	0.28
479.224634	1.8	0.55
479.255146	1.285714286	0.178571429
479.265042	1.538461538	0.307692308
479.301427	1.62962963	0.259259259
479.35644	1.793103448	0.103448276
479.374198	1.793103448	0.172413793
479.410584	1.866666667	0.133333333
480.008964	1	1
480.141238	0.958333333	0.333333333
480.165739	1.722222222	0.555555556
480.202776	1.148148148	0.259259259
480.223905	1.458333333	0.375
480.239161	1.25	0.214285714
481.109998	1.1	0.6
481.180267	1.153846154	0.192307692
481.18614	1.789473684	0.526315789
481.207921	1.416666667	0.416666667
481.270796	1.357142857	0.178571429
481.280692	1.615384615	0.307692308
481.317077	1.703703704	0.259259259
481.335705	1.785714286	0.142857143
481.353463	1.785714286	0.214285714
481.389848	1.862068966	0.172413793
481.426234	1.933333333	0.133333333
482.229659	1.269230769	0.230769231
483.10789	1.2	0.5
483.111912	0.96	0.32
483.148298	1.076923077	0.269230769
483.184683	1.185185185	0.222222222
483.202442	1.185185185	0.296296296
483.205813	1.5	0.333333333
483.223571	1.5	0.416666667
483.242198	1.6	0.28
483.25006	1.333333333	0.222222222
483.332727	1.777777778	0.259259259
483.351355	1.857142857	0.142857143
483.369113	1.857142857	0.214285714
483.380346	1.925925926	0.185185185
483.405498	1.931034483	0.172413793
484.364362	1.888888889	0.222222222
484.375595	1.961538462	0.192307692
484.400747	1.964285714	0.178571429
485.104912	1.157894737	0.684210526
485.127563	1.04	0.32
485.181706	1.153846154	0.346153846
485.211567	1.307692308	0.192307692
485.218092	1.259259259	0.296296296
485.239221	1.583333333	0.416666667
485.257848	1.68	0.28
485.26571	1.407407407	0.222222222
485.311992	1.769230769	0.307692308
485.348377	1.851851852	0.259259259
485.367005	1.928571429	0.142857143
486.213341	1.269230769	0.307692308
486.23447	1.608695652	0.434782609
486.249726	1.37037037	0.259259259
486.343626	1.884615385	0.269230769
486.380012	1.962962963	0.222222222
486.391245	2.038461538	0.192307692
486.416397	2.035714286	0.178571429
487.041918	0.5	0.416666667
487.06707	0.615384615	0.384615385
487.109329	1.2	0.7
487.20859	1.28	0.32
487.212612	1.066666667	0.2
487.233742	1.333333333	0.296296296
487.254871	1.666666667	0.416666667
487.379284	1.677419355	0.129032258
487.382655	2	0.142857143
488.232362	1.695652174	0.347826087
488.359277	1.961538462	0.269230769
488.395662	2.037037037	0.222222222
488.432048	2.107142857	0.178571429
489.064962	0.692307692	0.307692308
489.174119	1.034482759	0.172413793
489.213006	1.307692308	0.346153846
489.228262	1.133333333	0.2
489.249392	1.407407407	0.296296296
489.264648	1.225806452	0.161290323
489.322163	1.586206897	0.206896552
489.36192	2	0.185185185
489.398305	2.071428571	0.142857143
490.138855	1.45	0.55
490.169368	1.035714286	0.178571429
490.211626	1.681818182	0.409090909
490.281026	1.518518519	0.259259259
490.299654	1.607142857	0.142857143
490.374927	2.038461538	0.269230769
490.411312	2.111111111	0.222222222
490.937572	0.222222222	0.944444444
491.00632	0.8	1.133333333
491.061985	0.64	0.44
491.086486	1.263157895	0.684210526
491.195642	1.636363636	0.454545455
491.201002	1.142857143	0.142857143
491.232028	1.739130435	0.391304348
491.243912	1.2	0.2
491.255146	1.24137931	0.172413793
491.265042	1.481481481	0.296296296
491.301427	1.571428571	0.25
491.337813	1.655172414	0.206896552
491.341184	2	0.230769231
492.133376	1.173913043	0.391304348
492.135878	1.421052632	0.736842105
492.202776	1.107142857	0.25
492.390577	2.115384615	0.269230769
493.058356	1.125	1
493.131127	1.444444444	0.777777778
493.180267	1.111111111	0.185185185
493.22905	1.727272727	0.545454545
493.240284	1.80952381	0.523809524
493.244306	1.461538462	0.346153846
493.335705	1.724137931	0.137931034
493.353463	1.724137931	0.206896552
493.426234	1.870967742	0.129032258
494.005986	0.866666667	1.2
494.164282	1.074074074	0.222222222
494.218426	1.178571429	0.25
495.133042	1.217391304	0.434782609
495.195917	1.185185185	0.185185185
495.242198	1.538461538	0.269230769
495.25006	1.285714286	0.214285714
495.259956	1.538461538	0.346153846
495.369113	1.793103448	0.206896552
495.405498	1.866666667	0.166666667
495.441884	1.935483871	0.129032258
495.972853	0.35	0.55
496.107161	0.92	0.32
496.234076	1.25	0.25
496.306847	1.433333333	0.166666667
497.089656	1.375	1
497.12354	1.238095238	0.476190476
497.221463	1.52	0.32
497.257848	1.615384615	0.269230769
497.311992	1.703703704	0.296296296
497.348377	1.785714286	0.25
497.367005	1.862068966	0.137931034
497.384763	1.862068966	0.206896552
497.421149	1.933333333	0.166666667
498.249726	1.321428571	0.25
498.253097	1.64	0.28
498.268354	1.413793103	0.137931034
498.380012	1.892857143	0.214285714
499.120562	1.2	0.65
499.156948	1.333333333	0.571428571
499.197356	1.185185185	0.333333333
499.218486	1.5	0.458333333
499.233742	1.285714286	0.285714286
499.237113	1.6	0.32
499.244975	1.333333333	0.259259259
499.248998	1.125	0.15625
499.254871	1.6	0.4
499.281361	1.428571429	0.214285714
499.291257	1.692307692	0.346153846
499.327642	1.777777778	0.296296296
499.364028	1.857142857	0.25
499.382655	1.931034483	0.137931034
500.174847	1.192307692	0.269230769
500.284004	1.482758621	0.137931034
500.359277	1.888888889	0.259259259
500.395662	1.964285714	0.214285714
500.406895	2.037037037	0.185185185
501.057568	0.56	0.4
501.213006	1.259259259	0.333333333
501.22424	1.307692308	0.307692308
501.264648	1.1875	0.15625
501.343292	1.851851852	0.296296296
501.398305	2	0.137931034
502.281026	1.464285714	0.25
502.296282	1.28125	0.125
502.299654	1.551724138	0.137931034
502.317412	1.551724138	0.206896552
502.338541	1.884615385	0.307692308
502.374927	1.962962963	0.259259259
502.411312	2.035714286	0.214285714
502.447698	2.103448276	0.172413793
502.9562	0.4	0.7
503.061985	0.615384615	0.423076923
503.243912	1.161290323	0.193548387
503.280298	1.25	0.15625
503.37757	2	0.178571429
503.413955	2.068965517	0.137931034
504.154506	1.476190476	0.523809524
504.260291	1.444444444	0.296296296
504.296676	1.535714286	0.25
504.354191	1.961538462	0.307692308
504.390577	2.037037037	0.259259259
504.426962	2.107142857	0.214285714
504.953222	0.315789474	0.894736842
504.985585	0.666666667	1.2
505.059877	0.692307692	0.346153846
505.244306	1.407407407	0.333333333
505.280692	1.5	0.285714286
505.317077	1.586206897	0.24137931
505.356834	2	0.222222222
505.39322	2.071428571	0.178571429
506.242927	1.782608696	0.391304348
507.162033	1.217391304	0.47826087
507.195917	1.142857143	0.178571429
507.259956	1.481481481	0.333333333
507.341459	1.5	0.03125
507.369113	1.733333333	0.2
507.441884	1.875	0.125
508.248681	1.56	0.24
508.285066	1.653846154	0.192307692
508.31272	1.958333333	0.416666667
508.331348	2.04	0.28
509.148692	1.25	0.416666667
509.169821	1.619047619	0.571428571
509.221463	1.461538462	0.307692308
509.236719	1.266666667	0.166666667
509.348377	1.724137931	0.24137931
509.367005	1.8	0.133333333
509.457534	1.9375	0.125
510.216712	1.48	0.32
510.32837	2.041666667	0.416666667
511.13919	1.272727273	0.454545455
511.233742	1.24137931	0.275862069
511.237113	1.538461538	0.307692308
511.327642	1.714285714	0.285714286
511.364028	1.793103448	0.24137931
511.382655	1.866666667	0.133333333
511.400413	1.866666667	0.2
511.473184	2	0.125
512.025282	0.833333333	0.722222222
512.058296	0.681818182	0.545454545
512.253491	1.954545455	0.454545455
512.301762	1.433333333	0.2
512.395662	1.896551724	0.206896552
513.193727	1.789473684	0.736842105
513.249392	1.310344828	0.275862069
513.343292	1.785714286	0.285714286
513.379678	1.862068966	0.24137931
513.398305	1.933333333	0.133333333
514.232756	1.952380952	0.523809524
514.263268	1.413793103	0.172413793
514.269141	2.045454545	0.454545455
514.274502	1.464285714	0.142857143
515.073218	0.615384615	0.384615385
515.09837	0.714285714	0.357142857
515.21876	1.066666667	0.2
515.228656	1.285714286	0.321428571
515.232028	1.6	0.36
515.255146	1.161290323	0.161290323
515.280298	1.212121212	0.151515152
515.291531	1.25	0.125
515.358942	1.857142857	0.285714286
515.413955	2	0.133333333
516.21202	1.95	0.6
516.260291	1.392857143	0.285714286
516.278918	1.482758621	0.172413793
516.323166	1.34375	0.09375
516.40181	2.037037037	0.222222222
516.426962	2.034482759	0.206896552
516.463348	2.1	0.166666667
517.096262	0.785714286	0.285714286
517.270796	1.225806452	0.161290323
517.307181	1.3125	0.125
517.429605	2.066666667	0.133333333
518.250789	1.423076923	0.307692308
518.275941	1.464285714	0.285714286
518.294568	1.551724138	0.172413793
518.406227	2.035714286	0.25
518.442612	2.103448276	0.206896552
518.968872	0.4	0.85
519.001235	0.75	1.125
519.092634	1.263157895	0.684210526
519.169427	1.230769231	0.346153846
519.184683	1.066666667	0.2
519.226942	1.666666667	0.416666667
519.332727	1.6	0.233333333
519.372484	2	0.214285714
519.435359	1.875	0.03125
519.437861	2.142857143	0.214285714
520.291591	1.535714286	0.285714286
521.089656	1.222222222	0.888888889
521.275606	1.5	0.321428571
521.384763	1.741935484	0.193548387
521.421149	1.8125	0.15625
522.264331	1.576923077	0.230769231
522.32837	1.96	0.4
523.233742	1.2	0.266666667
523.288755	1.375	0.125
523.364028	1.733333333	0.233333333
523.400413	1.806451613	0.193548387
523.436799	1.875	0.15625
523.473184	1.939393939	0.121212121
525.231634	1.266666667	0.2
525.343292	1.724137931	0.275862069
525.379678	1.8	0.233333333
525.452449	1.9375	0.15625
527.23989	1.285714286	0.285714286
527.249786	1.538461538	0.423076923
527.265042	1.333333333	0.266666667
527.358942	1.793103448	0.275862069
527.395328	1.866666667	0.233333333
527.413955	1.935483871	0.129032258
528.248406	1.954545455	0.5
528.275547	1.181818182	0.151515152
528.311932	1.264705882	0.117647059
529.004212	0.777777778	0.833333333
529.23441	1.096774194	0.193548387
529.244306	1.310344828	0.310344828
529.270796	1.1875	0.15625
529.295948	1.235294118	0.147058824
529.374592	1.862068966	0.275862069
529.429605	2	0.129032258
529.462619	1.771428571	0.085714286
530.22767	1.952380952	0.571428571
530.258183	1.413793103	0.206896552
530.264056	2.045454545	0.5
531.001235	0.705882353	1.058823529
531.25006	1.161290323	0.193548387
531.286446	1.25	0.15625
531.445255	2.064516129	0.129032258
532.273833	1.482758621	0.206896552
532.31808	1.34375	0.125
532.364362	1.64516129	0.193548387
532.421877	2.034482759	0.24137931
533.242592	1.68	0.4
533.26571	1.225806452	0.193548387
533.302096	1.3125	0.15625
533.30949	1.352941176	0.088235294
533.388134	2	0.206896552
534.289483	1.551724138	0.206896552
534.33373	1.40625	0.125
534.401141	2.035714286	0.285714286
534.920877	0.222222222	0.888888889
535.20859	1.103448276	0.275862069
535.327642	1.6	0.266666667
535.372759	1.529411765	0.029411765
535.432776	2.142857143	0.25
535.436799	1.818181818	0.151515152
535.473184	1.882352941	0.117647059
536.286506	1.535714286	0.321428571
536.34402	1.961538462	0.384615385
536.359277	1.7	0.233333333
536.362648	2.037037037	0.259259259
536.57759	2.083333333	0.027777778
537.260625	1.266666667	0.233333333
537.268019	1.3125	0.15625
537.379678	1.741935484	0.225806452
537.488834	1.941176471	0.117647059
538.35967	2.038461538	0.384615385
539.138127	1	0.321428571
539.247284	1.290322581	0.193548387
539.265042	1.290322581	0.258064516
539.276275	1.333333333	0.233333333
539.283669	1.375	0.15625
539.358942	1.733333333	0.266666667
539.395328	1.806451613	0.225806452
539.504484	2	0.117647059
540.190891	1.4	0.4
541.13515	0.962962963	0.444444444
541.280692	1.35483871	0.258064516
541.299319	1.4375	0.15625
541.317077	1.4375	0.21875
541.374592	1.8	0.266666667
542.187914	1.375	0.541666667
542.191285	1.761904762	0.619047619
542.291197	1.205882353	0.147058824
543.223571	1.24137931	0.344827586
543.248072	1.913043478	0.52173913
543.25006	1.125	0.1875
543.259956	1.333333333	0.3
543.390242	1.866666667	0.266666667
544.134164	1.631578947	0.789473684
544.206935	1.857142857	0.619047619
544.243321	1.954545455	0.545454545
544.270462	1.181818182	0.181818182
544.306847	1.264705882	0.147058824
544.421877	1.966666667	0.233333333
544.999779	0.384615385	0.538461538
545.198813	1.47826087	0.565217391
545.229325	1.096774194	0.225806452
545.460905	2.0625	0.125
546.286112	1.242424242	0.181818182
546.437527	2.033333333	0.233333333
546.997671	0.461538462	0.461538462
547.244975	1.161290323	0.225806452
547.281361	1.25	0.1875
547.327642	1.548387097	0.258064516
547.403784	2	0.2
547.469161	2.133333333	0.2
548.268747	1.482758621	0.24137931
548.312995	1.34375	0.15625
548.936527	0.315789474	0.842105263
549.045683	0.818181818	0.590909091
549.170096	1.034482759	0.24137931
549.260625	1.225806452	0.225806452
549.297011	1.3125	0.1875
549.306907	1.533333333	0.3
549.388409	1.542857143	0.028571429
549.448426	2.137931034	0.24137931
550.284398	1.551724138	0.24137931
550.378298	2.035714286	0.25
550.933549	0.222222222	1.055555556
551.042706	0.761904762	0.761904762
551.07659	0.769230769	0.384615385
551.167119	1	0.357142857
551.320055	1.411764706	0.117647059
551.341184	1.677419355	0.193548387
551.358942	1.677419355	0.258064516
551.395328	1.75	0.21875
551.468099	1.882352941	0.147058824
552.300048	1.620689655	0.24137931
552.30255	1.88	0.48
552.375321	2.037037037	0.37037037
552.463348	1.909090909	0.151515152
553.374592	1.741935484	0.258064516
554.29707	1.607142857	0.357142857
555.353857	1.733333333	0.3
555.390242	1.806451613	0.258064516
555.426628	1.875	0.21875
557.26571	1.151515152	0.181818182
557.302096	1.235294118	0.147058824
557.333121	1.724137931	0.344827586
557.369507	1.8	0.3
557.405892	1.870967742	0.258064516
558.201456	1.48	0.44
558.286112	1.205882353	0.176470588
559.015429	0.444444444	0.518518519
559.237113	1.333333333	0.266666667
560.198478	1.458333333	0.583333333
560.301762	1.264705882	0.176470588
560.453177	2.032258065	0.225806452
561.000566	0.736842105	1.052631579
561.013321	0.518518519	0.444444444
561.260625	1.1875	0.21875
561.419434	2	0.193548387
561.448426	2.066666667	0.233333333
561.45582	2.0625	0.15625
561.484811	2.129032258	0.193548387
562.35967	1.892857143	0.357142857
562.378298	1.965517241	0.24137931
562.979831	0.666666667	1.166666667
563.247284	1.212121212	0.181818182
563.276275	1.25	0.21875
563.283669	1.294117647	0.147058824
563.322557	1.548387097	0.290322581
563.404059	1.555555556	0.027777778
563.431713	1.764705882	0.176470588
563.464076	2.133333333	0.233333333
564.375321	1.964285714	0.357142857
564.9492	0.315789474	1
565.244306	1.1875	0.28125
565.291925	1.3125	0.21875
565.299319	1.352941176	0.147058824
565.410978	1.757575758	0.212121212
566.442612	1.848484848	0.181818182
566.478998	1.911764706	0.147058824
567.314969	1.411764706	0.147058824
567.351355	1.485714286	0.114285714
567.463013	1.882352941	0.176470588
567.535784	2	0.111111111
568.294962	1.620689655	0.275862069
568.932881	0.315789474	1.105263158
569.151194	1.2	0.6
569.311992	1.393939394	0.242424242
569.348377	1.470588235	0.205882353
569.369507	1.741935484	0.290322581
571.175575	1.142857143	0.321428571
571.273498	1.375	0.21875
571.348771	1.733333333	0.333333333
572.432048	1.685714286	0.142857143
572.500796	2.09375	0.15625
573.031079	0.5	0.5
573.484811	2.0625	0.1875
573.597991	1.95	0.025
574.35967	1.827586207	0.344827586
574.451069	2.03125	0.15625
574.568088	1.972972973	0.027027027
575.028971	0.571428571	0.428571429
575.276275	1.212121212	0.212121212
575.322557	1.5	0.28125
575.435085	2	0.1875
575.47147	2.060606061	0.151515152
575.500461	2.125	0.1875
576.096991	0.793103448	0.344827586
576.296676	1.264705882	0.205882353
576.448092	2.032258065	0.258064516
576.983083	0.4	0.52
577.079485	1.1	0.9
577.25554	1.1875	0.25
577.447363	1.771428571	0.171428571
577.479726	2.129032258	0.225806452
578.300442	1.814814815	0.37037037
578.390971	1.965517241	0.344827586
579.27119	1.25	0.25
579.314969	1.371428571	0.142857143
579.499399	1.888888889	0.138888889
580.406621	2.034482759	0.344827586
580.421877	1.787878788	0.212121212
581.089656	0.956521739	0.695652174
581.294234	1.352941176	0.176470588
581.330619	1.428571429	0.142857143
582.274227	1.551724138	0.310344828
582.437527	1.848484848	0.212121212
582.473912	1.911764706	0.176470588
583.127956	0.965517241	0.379310345
583.166844	1.230769231	0.576923077
583.309884	1.411764706	0.176470588
583.327642	1.411764706	0.235294118
583.342898	1.263157895	0.131578947
583.346269	1.485714286	0.142857143
583.582341	1.853658537	0.024390244
584.289877	1.620689655	0.310344828
585.343292	1.470588235	0.235294118
585.36192	1.542857143	0.142857143
585.364421	1.741935484	0.322580645
585.437193	1.878787879	0.242424242
585.509964	2	0.171428571
586.286899	1.607142857	0.428571429
586.328645	1.285714286	0.142857143
586.332016	1.53125	0.15625
586.468827	1.96969697	0.212121212
586.59324	1.925	0.025
587.358942	1.529411765	0.235294118
588.466719	2.03030303	0.151515152
589.450735	2	0.181818182
589.479726	2.0625	0.21875
590.235533	1.321428571	0.392857143
590.409598	1.967741935	0.225806452
590.445984	2.03125	0.1875
590.588154	1.974358974	0.051282051
590.599388	2.026315789	0.026315789
591.317471	1.5	0.3125
591.336099	1.575757576	0.212121212
591.429999	2	0.21875
591.495376	2.125	0.21875
593.414624	1.567567568	0.054054054
593.442278	1.771428571	0.2
593.478663	1.833333333	0.166666667
594.295356	1.814814815	0.407407407
594.942006	0.4	0.9
595.206601	1.6	0.56
595.309884	1.371428571	0.171428571
595.348771	1.625	0.3125
595.419041	1.578947368	0.078947368
595.494313	1.888888889	0.166666667
595.56056	2.054054054	0.027027027
597.1057	1.3	0.95
597.164736	1.259259259	0.481481481
597.289149	1.352941176	0.205882353
597.306907	1.352941176	0.264705882
597.325534	1.428571429	0.171428571
597.557582	2.055555556	0.111111111
598.432441	1.848484848	0.242424242
598.516446	2.029411765	0.147058824
599.094348	0.666666667	0.4
599.304799	1.411764706	0.205882353
599.322557	1.411764706	0.264705882
599.341184	1.485714286	0.171428571
599.380072	1.75	0.3125
600.026722	0.6	0.68
600.296676	1.194444444	0.194444444
600.375321	1.774193548	0.322580645
600.389925	2.185185185	0.333333333
600.448092	1.909090909	0.242424242
600.484477	1.970588235	0.205882353
600.532096	2.088235294	0.147058824
601.083508	0.814814815	0.592592593
601.322951	1.666666667	0.4
601.338207	1.470588235	0.264705882
601.359336	1.741935484	0.35483871
601.437467	1.487179487	0.076923077
601.980834	0.409090909	0.818181818
602.482369	2.029411765	0.147058824
602.588154	1.925	0.05
603.353857	1.529411765	0.264705882
603.531762	2.117647059	0.176470588
603.547018	1.894736842	0.078947368
603.583403	1.948717949	0.051282051
604.461634	2.03030303	0.181818182
604.479392	2.03030303	0.242424242
604.546289	1.69047619	0.023809524
605.28148	1.642857143	0.5
605.351749	1.588235294	0.205882353
605.54491	1.947368421	0.026315789
606.923379	0.2	1.05
606.978392	0.545454545	0.772727273
607.430274	1.578947368	0.052631579
607.490291	2.125	0.25
607.541932	1.945945946	0.108108108
607.578318	2	0.078947368
608.975414	0.476190476	0.952380952
609.069315	1.1	1
609.289149	1.314285714	0.2
609.310278	1.5625	0.28125
609.434691	1.58974359	0.076923077
609.437193	1.771428571	0.228571429
610.068586	0.875	0.75
611.067207	1.2	0.9
611.304799	1.371428571	0.2
611.370176	1.485714286	0.2
611.374198	1.3	0.125
612.114749	0.71875	0.375
612.305921	1.888888889	0.444444444
612.411706	1.787878788	0.272727273
612.448092	1.852941176	0.235294118
612.532096	2.028571429	0.142857143
613.320449	1.428571429	0.2
613.338207	1.428571429	0.257142857
613.356834	1.5	0.166666667
613.374592	1.5	0.222222222
613.395722	1.757575758	0.303030303
613.541264	2	0.162162162
614.074734	0.954545455	0.818181818
614.427356	1.848484848	0.272727273
614.530639	1.604651163	0.023255814
614.55514	2.081081081	0.081081081
615.074006	0.769230769	0.615384615
615.317471	1.411764706	0.294117647
615.336099	1.485714286	0.2
615.554412	1.853658537	0.024390244
615.996484	0.47826087	0.782608696
616.406621	1.84375	0.3125
616.527011	2.088235294	0.176470588
616.552163	2.083333333	0.166666667
617.511026	2.058823529	0.205882353
617.551434	1.85	0.1
618.069649	1	0.904761905
618.477284	2.029411765	0.176470588
618.495042	2.029411765	0.235294118
619.367399	1.6	0.2
619.453905	2	0.28125
619.526676	2.117647059	0.205882353
620.052936	0.76	0.72
621.29165	1.4375	0.375
621.364421	1.588235294	0.294117647
622.062062	0.875	0.625
622.305527	1.53125	0.28125
622.952177	0.32	0.64
622.973306	0.545454545	0.818181818
623.489228	1.837837838	0.189189189
624.059084	0.826086957	0.782608696
624.30255	1.516129032	0.387096774
624.305921	1.821428571	0.428571429
624.481975	1.675	0.05
624.970329	0.476190476	1
625.320449	1.388888889	0.194444444
625.414349	1.771428571	0.2
626.536513	1.972972973	0.162162162
626.563002	1.825	0.05
627.336099	1.444444444	0.194444444
627.411372	1.764705882	0.294117647
627.535784	1.756097561	0.097560976
628.563396	2.083333333	0.138888889
628.578652	1.875	0.05
629.315363	1.428571429	0.228571429
629.351749	1.5	0.194444444
630.362254	1.358974359	0.102564103
630.495042	1.971428571	0.228571429
630.528925	1.825	0.05
630.561288	2.138888889	0.083333333
631.061059	1	0.75
631.258242	1.333333333	0.303030303
631.331013	1.485714286	0.228571429
631.348771	1.485714286	0.285714286
631.557188	1.674418605	0.023255814
632.046412	0.76	0.6
632.359277	1.342105263	0.184210526
632.377904	1.41025641	0.102564103
632.492934	2.028571429	0.171428571
632.510692	2.028571429	0.228571429
632.525948	1.820512821	0.128205128
633.058081	0.956521739	0.913043478
633.179992	1	0.294117647
633.328036	1.470588235	0.323529412
633.383049	1.611111111	0.194444444
634.043434	0.708333333	0.75
634.417185	1.90625	0.34375
634.472198	2.029411765	0.205882353
634.52384	1.871794872	0.076923077
635.009692	0.666666667	0.708333333
635.521591	2.117647059	0.235294118
636.520863	1.868421053	0.157894737
637.006714	0.608695652	0.869565217
637.999461	0.5	0.576923077
638.497625	1.682926829	0.048780488
639.047517	0.8	0.8
639.447757	1.777777778	0.25
639.996484	0.44	0.72
640.03287	0.576923077	0.653846154
640.046137	1.095238095	0.952380952
640.47689	1.675	0.075
640.603804	1.837209302	0.046511628
640.944114	0.25	0.833333333
641.030152	1.047619048	1
641.427022	1.771428571	0.285714286
641.463407	1.833333333	0.25
641.541538	1.590909091	0.022727273
641.572564	2	0.153846154
642.464016	1.487804878	0.073170732
643.042431	0.833333333	0.875
643.50957	1.545454545	0.068181818
644.052936	0.703703704	0.666666667
644.341518	1.307692308	0.128205128
644.347392	1.71875	0.3125
644.474306	1.914285714	0.257142857
644.50819	1.775	0.075
644.552437	1.651162791	0.023255814
644.573567	1.875	0.075
644.921271	0.260869565	0.826086957
645.295022	1.612903226	0.387096774
645.325534	1.282051282	0.153846154
645.505941	2	0.228571429
645.542326	2.055555556	0.194444444
646.308029	1.633333333	0.466666667
646.357169	1.358974359	0.128205128
646.363042	1.78125	0.3125
646.417185	1.848484848	0.333333333
646.489956	1.971428571	0.257142857
646.502711	1.604651163	0.023255814
646.535073	1.871794872	0.051282051
646.560225	1.87804878	0.048780488
646.988562	0.428571429	0.535714286
647.048579	0.909090909	0.954545455
647.253157	1.333333333	0.333333333
647.322557	1.263157895	0.236842105
647.528985	2.054054054	0.162162162
648.323679	1.7	0.466666667
648.354191	1.342105263	0.210526316
648.372819	1.41025641	0.128205128
648.499733	1.595238095	0.095238095
648.916185	0.272727273	0.909090909
649.031867	0.692307692	0.769230769
649.51361	1.666666667	0.023809524
649.526008	2.055555556	0.25
650.365818	1.606060606	0.303030303
650.388469	1.461538462	0.128205128
650.497625	1.642857143	0.047619048
650.536513	1.871794872	0.153846154
650.55514	1.925	0.075
651.056248	0.689655172	0.482758621
651.317471	1.297297297	0.27027027
651.484143	1.789473684	0.210526316
652.494648	1.634146341	0.12195122
653.405892	1.487179487	0.205128205
653.463407	1.783783784	0.243243243
653.51842	1.897435897	0.128205128
653.656568	2.097560976	0.073170732
654.309091	1.814814815	0.555555556
654.491019	2.15625	0.3125
655.300501	1.793103448	0.482758621
655.421542	1.538461538	0.205128205
655.442672	1.777777778	0.277777778
655.515443	1.894736842	0.210526316
657.513335	1.947368421	0.157894737
658.308029	1.580645161	0.451612903
658.489956	1.916666667	0.25
659.341184	1.3	0.15
659.450341	1.488372093	0.069767442
659.510357	1.945945946	0.243243243
660.541992	2.027027027	0.216216216
660.9492	0.222222222	0.703703704
661.338207	1.282051282	0.230769231
662.448485	1.911764706	0.323529412
662.484871	1.971428571	0.285714286
662.920602	0.333333333	0.875
663.50277	1.8	0.125
664.063895	1	0.956521739
664.124268	0.870967742	0.387096774
664.367733	1.41025641	0.153846154
664.672553	2.071428571	0.047619048
665.499793	1.794871795	0.205128205
665.536178	1.85	0.175
665.547412	1.897435897	0.153846154
666.381862	1.9	0.433333333
666.959764	0.307692308	0.769230769
667.497685	1.846153846	0.153846154
667.515443	1.846153846	0.205128205
668.468433	1.431818182	0.090909091
668.50819	1.69047619	0.071428571
668.931167	0.434782609	0.956521739
669.025067	1	1
669.31278	1.515151515	0.424242424
669.458322	1.783783784	0.27027027
669.494707	1.842105263	0.236842105
670.495317	1.511627907	0.069767442
671.266892	1.466666667	0.5
671.307301	1.333333333	0.333333333
671.437586	1.777777778	0.305555556
671.489228	1.658536585	0.170731707
672.487848	1.918918919	0.189189189
672.505606	1.918918919	0.243243243
672.514338	1.775	0.075
673.240284	1.055555556	0.305555556
673.264784	1.533333333	0.433333333
673.268807	1.314285714	0.314285714
673.356834	1.317073171	0.146341463
673.48712	1.707317073	0.12195122
674.241406	1.464285714	0.571428571
674.484871	1.916666667	0.277777778
674.511361	1.769230769	0.153846154
674.959489	0.545454545	1.136363636
675.238176	1.111111111	0.25
675.466385	1.7	0.15
675.547018	1.636363636	0.068181818
675.96347	0.458333333	0.791666667
676.45424	1.702702703	0.216216216
676.482763	1.972222222	0.222222222
677.235198	1.085714286	0.342857143
677.536178	1.804878049	0.170731707
677.54491	1.681818182	0.022727273
679.009417	0.869565217	0.956521739
679.105306	0.774193548	0.516129032
679.563062	1.9	0.15
680.362648	1.41025641	0.179487179
681.272372	1.642857143	0.607142857
681.276394	1.393939394	0.454545455
682.271643	1.40625	0.46875
682.498688	1.682926829	0.073170732
683.437586	1.72972973	0.297297297
683.473972	1.789473684	0.263157895
684.49571	1.675	0.15
684.53949	1.744186047	0.069767442
685.265436	1.076923077	0.282051282
685.377964	1.487179487	0.205128205
686.521256	1.921052632	0.236842105
686.536513	1.738095238	0.142857143
686.602759	1.88372093	0.023255814
687.2447	1.052631579	0.315789474
687.336099	1.268292683	0.170731707
687.393614	1.538461538	0.205128205
687.50277	1.714285714	0.119047619
687.589276	2.051282051	0.179487179
688.488123	1.558139535	0.046511628
688.493996	1.972222222	0.194444444
688.534405	1.785714286	0.095238095
689.399368	1.414634146	0.12195122
690.018007	0.772727273	1.045454545
690.485146	1.547619048	0.119047619
690.531427	1.780487805	0.170731707
691.512941	1.6	0.066666667
693.273892	1.210526316	0.263157895
693.400156	1.878787879	0.333333333
694.964575	0.48	0.96
695.324407	1.733333333	0.533333333
695.477343	2	0.277777778
696.229778	1.114285714	0.4
696.501584	2.088235294	0.323529412
697.006714	0.5	0.714285714
697.453236	1.736842105	0.289473684
697.489622	1.794871795	0.256410256
697.534739	1.720930233	0.069767442
698.005335	0.708333333	0.833333333
698.563002	1.586956522	0.043478261
699.045015	0.588235294	0.441176471
699.320843	1.368421053	0.263157895
699.445255	1.422222222	0.088888889
699.499399	1.47826087	0.108695652
699.677304	1.913043478	0.043478261
700.002357	0.652173913	1
700.469496	1.465116279	0.11627907
700.536907	1.923076923	0.230769231
700.628305	2.071428571	0.095238095
701.042037	0.545454545	0.545454545
701.190951	1.117647059	0.411764706
701.317865	1.351351351	0.351351351
701.369507	1.285714286	0.214285714
701.604927	2.05	0.175
702.467388	1.511627907	0.069767442
702.521531	1.568181818	0.090909091
702.531427	1.738095238	0.166666667
703.293107	1.548387097	0.516129032
703.463801	1.837837838	0.324324324
704.489562	1.522727273	0.136363636
704.50819	1.577777778	0.066666667
704.519423	1.613636364	0.045454545
705.29165	1.179487179	0.307692308
705.524568	1.804878049	0.12195122
705.952905	0.321428571	0.642857143
706.198872	1.15625	0.53125
706.485934	1.971428571	0.314285714
706.505212	1.568181818	0.136363636
706.516446	1.604651163	0.11627907
707.521591	1.8	0.2
709.389197	1.45	0.175
711.259305	1.222222222	0.305555556
711.477618	1.619047619	0.119047619
712.475369	1.810810811	0.27027027
713.409264	1.512195122	0.195121951
713.474641	1.609756098	0.195121951
713.520922	1.85	0.25
714.473912	1.444444444	0.133333333
714.552557	1.925	0.225
715.620577	2.048780488	0.170731707
715.94378	0.233333333	0.7
716.470284	1.861111111	0.305555556
716.483038	1.522727273	0.068181818
717.467053	1.5	0.090909091
717.983931	0.708333333	0.958333333
718.417185	1.564102564	0.282051282
718.610346	1.88372093	0.11627907
718.671884	1.934782609	0.086956522
719.500461	1.545454545	0.136363636
719.506335	1.945945946	0.297297297
719.671156	1.76	0.04
719.938043	0.523809524	1.142857143
719.980953	0.652173913	1.130434783
720.916185	0.214285714	0.714285714
721.498353	1.590909091	0.090909091
722.433229	1.857142857	0.4
722.459719	1.710526316	0.263157895
722.645669	1.770833333	0.0625
723.320843	1.3	0.25
723.355707	1.75	0.5
723.458991	1.523809524	0.19047619
723.495376	1.581395349	0.162790698
724.457611	1.763157895	0.210526316
724.628305	1.977272727	0.090909091
725.384112	1.45	0.2
725.456883	1.571428571	0.142857143
727.424914	1.523809524	0.19047619
727.514791	2.111111111	0.277777778
728.477678	1.820512821	0.230769231
728.631082	1.844444444	0.088888889
730.420557	1.756756757	0.297297297
730.447046	1.625	0.175
730.472198	1.642857143	0.166666667
731.507856	1.531914894	0.085106383
731.54272	1.948717949	0.256410256
732.444069	1.615384615	0.256410256
732.469221	1.634146341	0.243902439
733.289936	1.351351351	0.351351351
733.46447	1.65	0.25
733.500855	1.707317073	0.219512195
733.686806	1.764705882	0.039215686
734.467113	1.682926829	0.195121951
735.464864	1.888888889	0.361111111
736.464136	1.675	0.275
737.407743	1.823529412	0.441176471
741.240009	1.135135135	0.432432432
741.45582	1.404255319	0.106382979
742.48006	1.444444444	0.133333333
742.547471	1.87804878	0.243902439
742.646732	1.847826087	0.086956522
743.398699	1.333333333	0.155555556
743.452843	1.391304348	0.173913043
744.451463	1.595238095	0.19047619
744.477952	1.488888889	0.088888889
745.449214	1.783783784	0.351351351
745.485599	1.842105263	0.315789474
745.55837	1.95	0.25
745.631141	2.047619048	0.19047619
747.535133	1.76744186	0.139534884
747.646791	2.095238095	0.19047619
748.443006	1.431818182	0.204545455
748.712309	2.021276596	0.021276596
749.550783	1.813953488	0.139534884
749.659939	1.956521739	0.065217391
750.421619	1.857142857	0.342857143
750.440898	1.477272727	0.159090909
750.709332	2.02173913	0.086956522
750.92675	0.275862069	0.724137931
751.256722	1.294117647	0.5
751.438649	1.641025641	0.307692308
752.437921	1.465116279	0.23255814
752.462421	1.918918919	0.324324324
752.543055	1.829268293	0.219512195
752.674861	1.82	0.02
752.923773	0.214285714	0.857142857
754.468827	1.382978723	0.14893617
754.671884	1.816326531	0.081632653
755.433564	1.684210526	0.342105263
755.456214	1.545454545	0.181818182
755.640643	1.955555556	0.177777778
756.432184	1.970588235	0.382352941
756.669776	1.857142857	0.040816327
756.962467	0.466666667	0.733333333
757.414349	1.347826087	0.152173913
757.638535	2	0.133333333
757.972972	0.393939394	0.575757576
758.956988	0.363636364	0.606060606
758.999246	0.740740741	0.888888889
759.57402	1.951219512	0.243902439
759.969995	0.34375	0.6875
760.425248	1.4	0.155555556
760.64204	2.071428571	0.19047619
761.422999	1.55	0.3
761.550783	1.772727273	0.136363636
761.966366	0.565217391	1.173913043
762.446771	1.815789474	0.315789474
762.477284	1.5	0.130434783
762.753112	2.02	0.02
763.387007	1.714285714	0.457142857
763.446043	1.619047619	0.238095238
763.921999	0.24137931	0.724137931
763.964258	0.652173913	1.086956522
764.386279	1.512820513	0.358974359
764.443794	1.810810811	0.405405405
764.474306	1.488888889	0.2
765.443066	1.609756098	0.317073171
766.441686	1.864864865	0.351351351
766.472198	1.533333333	0.155555556
768.411706	1.282608696	0.195652174
768.469221	1.522727273	0.227272727
769.432107	1.319148936	0.191489362
769.43798	1.65	0.35
770.408077	1.648648649	0.378378378
770.627911	1.634615385	0.019230769
771.428478	1.684210526	0.368421053
772.406621	1.311111111	0.222222222
772.431121	1.717948718	0.307692308
773.430393	1.534883721	0.23255814
773.58967	1.952380952	0.238095238
774.402992	1.694444444	0.416666667
774.428144	1.710526316	0.394736842
774.458656	1.413043478	0.195652174
775.427416	1.523809524	0.30952381
776.455027	1.810810811	0.378378378
777.628365	2.045454545	0.181818182
778.519817	1.586956522	0.108695652
779.419828	1.422222222	0.2
780.417579	1.575	0.35
780.448092	1.3125	0.166666667
780.51684	1.577777778	0.177777778
781.416851	1.409090909	0.272727273
781.552497	1.48	0.1
782.500127	1.408163265	0.142857143
782.514732	1.622222222	0.133333333
783.451128	1.511111111	0.2
784.38484	1.43902439	0.243902439
784.412494	1.615384615	0.384615385
784.511754	1.613636364	0.204545455
785.409264	1.319148936	0.170212766
788.431396	1.4	0.155555556
788.78652	1.980769231	0.057692308
789.404178	1.347826087	0.195652174
789.582083	1.782608696	0.130434783
789.947545	0.448275862	0.827586207
790.428419	1.386363636	0.227272727
790.784412	2.019230769	0.019230769
790.946817	0.363636364	0.666666667
791.944568	0.392857143	0.964285714
792.402323	1.702702703	0.459459459
792.943188	0.583333333	1.125
793.94246	0.464285714	0.892857143
794.400215	1.756756757	0.405405405
795.529773	1.951219512	0.292682927
795.896572	0.28	1.04
796.373606	1.372093023	0.255813953
796.443006	1.3125	0.1875
796.490625	1.395833333	0.145833333
796.827991	1.945454545	0.018181818
796.936252	0.285714286	0.6
797.934003	0.3	0.866666667
798.573686	1.840909091	0.25
798.70147	2.020833333	0.104166667
798.933275	0.235294118	0.705882353
799.931895	0.366666667	0.8
